keyword,title,company,location,url,country,source
mühendis,Kurumsal İlişkiler Operasyon Yöneticisi,ALPA DANIŞMANLIK İNSAN KAYNAKLARI ÖZEL İSTİHDAM ARACILIK HİZ.LTD.ŞTİ.,"İstanbul Avrupa Yakası, İstanbul Anadolu Yakası",https://www.yenibiris.com/is-ilani/kurumsal-iliskiler-operasyon-yoneticisi/1199223,TR,Yenibiris
mühendis,Şantiye Şefi - Otel Projeleri,BOF MİMARİ TASARIM AHŞAP METAL İNŞAAT UYG.İMALAT SAN VE TİC LTD ŞTİ,İstanbul Avrupa Yakası,https://www.yenibiris.com/is-ilani/santiye-sefi-otel-projeleri/1200377,TR,Yenibiris
mühendis,Satış Mühendisi,ALİMAR MAKİNA SAN.TİC.A.Ş,"İstanbul Avrupa Yakası, İstanbul Anadolu Yakası...",https://www.yenibiris.com/is-ilani/satis-muhendisi/1202091,TR,Yenibiris
mühendis,KALİTE GÜVENCE MÜHENDİSİ- HVAC,Frigo Mekanik,İstanbul Avrupa Yakası - Esenyurt,https://www.yenibiris.com/is-ilani/kalite-guvence-muhendisi-hvac/1201860,TR,Yenibiris
mühendis,İnşaat Mühendisi,ALTINBAŞ İNŞAAT SAN. VE TIC. LTD. ŞTI.,"Balıkesir - Karesi, Balıkesir - Karesi",https://www.yenibiris.com/is-ilani/insaat-muhendisi/1201829,TR,Yenibiris
mühendis,Kimya Mühendisi,BMT TEKNOLOJİ VE PROSES GELİŞTİRME LTD.ŞTİ,Kocaeli - Gebze,https://www.yenibiris.com/is-ilani/kimya-muhendisi/1201789,TR,Yenibiris
mühendis,Endüstri Mühendisi,Bağdat Baharat,Ankara,https://www.yenibiris.com/is-ilani/endustri-muhendisi/631267,TR,Yenibiris
mühendis,İnşaat Mühendisi,HILTON TÜRKİYE,Adana - Seyhan,https://www.yenibiris.com/is-ilani/insaat-muhendisi/1194274,TR,Yenibiris
mühendis,İnşaat Mühendisi,METAMAR MERMER GRANİT MADENCİLİK SAN. VE TİC. A.Ş.,Isparta,https://www.yenibiris.com/is-ilani/insaat-muhendisi/1187192,TR,Yenibiris
mühendis,Gıda Mühendisi,Bağdat Baharat,Ankara,https://www.yenibiris.com/is-ilani/gida-muhendisi/1062436,TR,Yenibiris
mühendis,İnşaat Mühendisi,EMAY ULUSLARARASI MÜHENDİSLİK VE MÜŞAVİRLİK A.Ş,Ankara - Çankaya,https://www.yenibiris.com/is-ilani/insaat-muhendisi/1201185,TR,Yenibiris
mühendis,Makine Mühendisi,EMAY ULUSLARARASI MÜHENDİSLİK VE MÜŞAVİRLİK A.Ş,Ankara - Çankaya,https://www.yenibiris.com/is-ilani/makine-muhendisi/1201167,TR,Yenibiris
mühendis,Makine Mühendisi- İzmir,FORTES MÜHENDİSLİK,İzmir,https://www.yenibiris.com/is-ilani/makine-muhendisi-izmir/1201152,TR,Yenibiris
mühendis,Makine Mühendisi,SEZGÜL  MÜHENDİSLİK,"İstanbul Avrupa Yakası, İstanbul Anadolu Yakası",https://www.yenibiris.com/is-ilani/makine-muhendisi/1201071,TR,Yenibiris
mühendis,Gıda Mühendisi,Bağdat Baharat,K.Maraş,https://www.yenibiris.com/is-ilani/gida-muhendisi/1107451,TR,Yenibiris
mühendislik,DEPO SORUMLUSU - İZMİR,FORTES MÜHENDİSLİK,İzmir,https://www.yenibiris.com/is-ilani/depo-sorumlusu-izmir/1202109,TR,Yenibiris
mühendislik,Satış Temsilcisi - İZMİR,FORTES MÜHENDİSLİK,"İzmir - Güzelbahçe, İzmir - Urla...",https://www.yenibiris.com/is-ilani/satis-temsilcisi-izmir/1202108,TR,Yenibiris
mühendislik,Satış Temsilcisi - Tekirdağ,FORTES MÜHENDİSLİK,"Tekirdağ, Tekirdağ - Çorlu...",https://www.yenibiris.com/is-ilani/satis-temsilcisi-tekirdag/1201983,TR,Yenibiris
mühendislik,Doğalgaz Teknisyeni - Edremit,FORTES MÜHENDİSLİK,"Balıkesir - Edremit, Balıkesir - Burhaniye",https://www.yenibiris.com/is-ilani/dogalgaz-teknisyeni-edremit/1201299,TR,Yenibiris
mühendislik,DEPO SORUMLUSU - BALIKESİR/EDREMİT,FORTES MÜHENDİSLİK,"Balıkesir, Balıkesir - Edremit...",https://www.yenibiris.com/is-ilani/depo-sorumlusu-balikesir-edremit/1201291,TR,Yenibiris
mühendislik,Elektrik Elektronik Mühendisi,EMAY ULUSLARARASI MÜHENDİSLİK VE MÜŞAVİRLİK A.Ş,"K.Maraş, Malatya",https://www.yenibiris.com/is-ilani/elektrik-elektronik-muhendisi/1199837,TR,Yenibiris
mühendislik,Doğalgaz Teknisyeni - Muğla Milas,FORTES MÜHENDİSLİK,"Muğla - Milas, Muğla",https://www.yenibiris.com/is-ilani/dogalgaz-teknisyeni-mugla-milas/1201156,TR,Yenibiris
mühendislik,Gaz Açım Personeli-Tekirdağ,FORTES MÜHENDİSLİK,Türkiye,https://www.yenibiris.com/is-ilani/gaz-acim-personeli-tekirdag/1200702,TR,Yenibiris
mühendislik,Satış Temsilcisi - ÜNYE,FORTES MÜHENDİSLİK,"Ordu - Ünye, Ordu - Ünye",https://www.yenibiris.com/is-ilani/satis-temsilcisi-unye/1200648,TR,Yenibiris
mekanik,Mekanik Bakım Elemanı,Apleona Tesis Yönetim Hizm. ve Tic.Ltd.Şti.,İstanbul Anadolu Yakası,https://www.yenibiris.com/is-ilani/mekanik-bakim-elemani/1202214,TR,Yenibiris
mekanik,Mekanik Bakım Teknisyeni,DoubleTree by Hilton İstanbul Ümraniye Canpark,"İstanbul Anadolu Yakası, İstanbul Anadolu Yakası - Ümraniye",https://www.yenibiris.com/is-ilani/mekanik-bakim-teknisyeni/1199079,TR,Yenibiris
mekanik,Mekanik Teknisyeni,Point Hotel Taksim,İstanbul Avrupa Yakası - Beyoğlu,https://www.yenibiris.com/is-ilani/mekanik-teknisyeni/1202178,TR,Yenibiris
mekanik,Mekanik Teknikeri,DEDEMAN HOTELS&RESORTS INTERNATIONAL,İstanbul Anadolu Yakası - Ataşehir,https://www.yenibiris.com/is-ilani/mekanik-teknikeri/1201866,TR,Yenibiris
mekanik,Elektrik Mekanik Teknisyeni,LEGACY OTTOMAN HOTEL 5*,"İstanbul Avrupa Yakası - Fatih, İstanbul Avrupa Yakası",https://www.yenibiris.com/is-ilani/elektrik-mekanik-teknisyeni/986050,TR,Yenibiris
mekanik,İklimlendirme ve Mekanik Teknisyeni,Les Temps Curio Collection By Hilton,"İstanbul Avrupa Yakası - Beyoğlu, İstanbul Avrupa Yakası",https://www.yenibiris.com/is-ilani/iklimlendirme-ve-mekanik-teknisyeni/1201571,TR,Yenibiris
mekanik,Mekanik Teknikeri,CENTRO WESTSIDE İSTANBUL,İstanbul Avrupa Yakası - Bağcılar,https://www.yenibiris.com/is-ilani/mekanik-teknikeri/1201418,TR,Yenibiris
mekanik,Mekanik Teknisyeni,PULLMAN ISTANBUL HOTEL & CONVENTION CENTER/ MERCURE ISTANBUL WEST HOTEL & CONVENTION CENTER,İstanbul Avrupa Yakası - Bahçelievler,https://www.yenibiris.com/is-ilani/mekanik-teknisyeni/1201369,TR,Yenibiris
mekanik,Mekanik Teknisyeni,WANDA VISTA İSTANBUL,İstanbul Avrupa Yakası - Bağcılar,https://www.yenibiris.com/is-ilani/mekanik-teknisyeni/1201198,TR,Yenibiris
mekanik,Mekanik Teknisyeni,DoubleTree by Hilton Şanlıurfa,Şanlıurfa,https://www.yenibiris.com/is-ilani/mekanik-teknisyeni/1071669,TR,Yenibiris
mekanik,Mekanik Bakım Elemanı,AYKAÇ OTELCİLİK VE TURİZM TİCARET ANONİM ŞİRKETİ,İstanbul Avrupa Yakası - Şişli,https://www.yenibiris.com/is-ilani/mekanik-bakim-elemani/1201084,TR,Yenibiris
mekanik,Mekanik Teknisyeni,SHERATON İSTANBUL ESENYURT,İstanbul Avrupa Yakası - Esenyurt,https://www.yenibiris.com/is-ilani/mekanik-teknisyeni/1195781,TR,Yenibiris
mekanik,Mekanik Bakım Elemanı,SOYLU YEM TARIM SAN. VE TİC. A.Ş.,Kırklareli - Vize,https://www.yenibiris.com/is-ilani/mekanik-bakim-elemani/1200846,TR,Yenibiris
mekanik,Mekanik Teknisyeni,ELVAN GIDA SANAYİ VE TİCARET A.Ş.,Sakarya - Arifiye,https://www.yenibiris.com/is-ilani/mekanik-teknisyeni/1200822,TR,Yenibiris
mekanik,Mekanik Teknisyeni,DoubleTree By Hilton Istanbul Gayrettepe,İstanbul Avrupa Yakası - Şişli,https://www.yenibiris.com/is-ilani/mekanik-teknisyeni/1200761,TR,Yenibiris
elektrik,Elektrik Teknisyeni,Apleona Tesis Yönetim Hizm. ve Tic.Ltd.Şti.,İstanbul Anadolu Yakası,https://www.yenibiris.com/is-ilani/elektrik-teknisyeni/1202211,TR,Yenibiris
elektrik,Elektrik Teknisyeni,Apleona Tesis Yönetim Hizm. ve Tic.Ltd.Şti.,Kocaeli,https://www.yenibiris.com/is-ilani/elektrik-teknisyeni/1202210,TR,Yenibiris
elektrik,Elektrik Teknisyeni,DoubleTree by Hilton İstanbul Moda,"İstanbul Anadolu Yakası, İstanbul Anadolu Yakası - Kadıköy",https://www.yenibiris.com/is-ilani/elektrik-teknisyeni/1094804,TR,Yenibiris
elektrik,Elektrik-Elektronik Öğretmeni,Şirket Bilgileri Gizli,Ankara - Yenimahalle,https://www.yenibiris.com/is-ilani/elektrik-elektronik-ogretmeni/1202071,TR,Yenibiris
elektrik,Elektrik Teknisyeni,Ottoman’s Life Deluxe Hotel,"İstanbul Avrupa Yakası - Fatih, İstanbul Avrupa Yakası",https://www.yenibiris.com/is-ilani/elektrik-teknisyeni/1201959,TR,Yenibiris
elektrik,Elektrik Teknisyeni,DoubleTree by Hilton Istanbul Topkapi,İstanbul Avrupa Yakası,https://www.yenibiris.com/is-ilani/elektrik-teknisyeni/1201721,TR,Yenibiris
elektrik,Elektrik Teknisyeni,MTM ELEKTİRİK A.Ş.,İstanbul Anadolu Yakası - Kartal,https://www.yenibiris.com/is-ilani/elektrik-teknisyeni/1201590,TR,Yenibiris
elektrik,Elektrik Teknikeri,PULLMAN ISTANBUL HOTEL & CONVENTION CENTER/ MERCURE ISTANBUL WEST HOTEL & CONVENTION CENTER,İstanbul Avrupa Yakası - Bahçelievler,https://www.yenibiris.com/is-ilani/elektrik-teknikeri/1201371,TR,Yenibiris
elektrik,Elektrik Teknisyeni,Radisson Blu Pera,İstanbul Avrupa Yakası - Beyoğlu,https://www.yenibiris.com/is-ilani/elektrik-teknisyeni/1201225,TR,Yenibiris
elektrik,Elektrik Teknisyeni,Akesis Elektrik Elektronik Mek. İnş. Tic. Ltd. Şti.,Ankara,https://www.yenibiris.com/is-ilani/elektrik-teknisyeni/1200721,TR,Yenibiris
elektrik,Elektrikçi- Urla Sahne,Urla Sahne,İzmir,https://www.yenibiris.com/is-ilani/elektrikci-urla-sahne/1194410,TR,Yenibiris
elektrik,Elektrik Teknisyeni,GOLDEN TULİP BAYRAMPAŞA HOTEL,İstanbul Avrupa Yakası,https://www.yenibiris.com/is-ilani/elektrik-teknisyeni/1200415,TR,Yenibiris
elektrik,Elektrik Teknisyeni,Richmond Hotels,İstanbul Avrupa Yakası - Beyoğlu,https://www.yenibiris.com/is-ilani/elektrik-teknisyeni/1021185,TR,Yenibiris
elektrik,Elektrik Teknisyeni,İstanbul Marriott Hotel Pendik,İstanbul Anadolu Yakası,https://www.yenibiris.com/is-ilani/elektrik-teknisyeni/1199769,TR,Yenibiris
elektrik,Elektrik Teknisyeni,CABA GRUP İNŞAAT ENERJİ TURİZM  SANAYİ ve TİC. A.Ş.,İstanbul Avrupa Yakası,https://www.yenibiris.com/is-ilani/elektrik-teknisyeni/1124255,TR,Yenibiris
otomasyon,Teknik Şef,ALFALAHİ YÖNETİM İŞLETME VE TURİZM ANONİM ŞİRKETİ,İstanbul Avrupa Yakası,https://www.yenibiris.com/is-ilani/teknik-sef/1202102,TR,Yenibiris
otomasyon,Otomasyon Mühendisi,muser otomasyon,"İstanbul Avrupa Yakası, İstanbul Avrupa Yakası - Başakşehir",https://www.yenibiris.com/is-ilani/otomasyon-muhendisi/1197115,TR,Yenibiris
otomasyon,Teknik Servis Görevlisi,Hilton Garden Inn Istanbul Airport,İstanbul Avrupa Yakası - Bahçelievler,https://www.yenibiris.com/is-ilani/teknik-servis-gorevlisi/1202094,TR,Yenibiris
otomasyon,GECE VEZNE ELEMANI,KARDELEN TIP MERKEZİ,İstanbul Anadolu Yakası,https://www.yenibiris.com/is-ilani/gece-vezne-elemani/1201962,TR,Yenibiris
otomasyon,ELEKTRİK TEKNİSYENİ  VE  TEKNİKERİ,SEZGÜL  MÜHENDİSLİK,İstanbul Avrupa Yakası,https://www.yenibiris.com/is-ilani/elektrik-teknisyeni-ve-teknikeri/1201931,TR,Yenibiris
otomasyon,Banket Müdürü,DOUBLE TREE BY HILTON TUZLA,İstanbul Anadolu Yakası - Tuzla,https://www.yenibiris.com/is-ilani/banket-muduru/1201765,TR,Yenibiris
otomasyon,Pazarlama Satış Uzmanı,EGEMEN YAZILIM VE OTOMASYON LTD.ŞTİ.,İstanbul Avrupa Yakası - Esenyurt,https://www.yenibiris.com/is-ilani/pazarlama-satis-uzmani/1195245,TR,Yenibiris
otomasyon,TEKNİSYEN,Özel Vitale Kadın Hastalıkları ve Doğum Hastanesi,Antalya,https://www.yenibiris.com/is-ilani/teknisyen/1201607,TR,Yenibiris
otomasyon,Otomasyon Mühendisi,JETRON MAKINE SAN. VE TİC. A.Ş.,İstanbul Anadolu Yakası - Tuzla,https://www.yenibiris.com/is-ilani/otomasyon-muhendisi/941635,TR,Yenibiris
otomasyon,Teknik Servis Görevlisi,LASAGRADA HOTEL,"İstanbul Avrupa Yakası - Şişli, İstanbul Avrupa Yakası - Şişli...",https://www.yenibiris.com/is-ilani/teknik-servis-gorevlisi/1201556,TR,Yenibiris
otomasyon,Tesis Bakım Teknikeri Kocaeli,Doğa İnsan Kaynakları Yönetim ve Bilişim Danışmanlık Hizmetleri Ltd. Şti.,"İstanbul Anadolu Yakası, Kocaeli",https://www.yenibiris.com/is-ilani/tesis-bakim-teknikeri-kocaeli/1191330,TR,Yenibiris
otomasyon,CNC Operatörü,ELEKSAN OTOMASYON TEKNOLOJİLERİ SAN.TİC.LTD.,İstanbul Anadolu Yakası,https://www.yenibiris.com/is-ilani/cnc-operatoru/1200987,TR,Yenibiris
otomasyon,Elektrik Otomasyon Bakım Mühendisi,MAES ODİN MAKİNE SANAYİ VE DIŞ TİC.LTD.ŞTİ.,İstanbul Avrupa Yakası - Beylikdüzü,https://www.yenibiris.com/is-ilani/elektrik-otomasyon-bakim-muhendisi/1200766,TR,Yenibiris
otomasyon,Elektrik Otomasyon Teknisyeni,JETRON MAKINE SAN. VE TİC. A.Ş.,İstanbul Anadolu Yakası - Tuzla,https://www.yenibiris.com/is-ilani/elektrik-otomasyon-teknisyeni/1200378,TR,Yenibiris
robotik,Teknoloji Tasarım Öğretmeni,NESİBE AYDIN OKULLARI,Ankara,https://www.yenibiris.com/is-ilani/teknoloji-tasarim-ogretmeni/1160593,TR,Yenibiris
robotik,Robotik ve Reinforcement Learning Mühendisi,AKINSOFT,Konya - Karatay,https://www.yenibiris.com/is-ilani/robotik-ve-reinforcement-learning-muhendisi/1201820,TR,Yenibiris
robotik,Bolu Bahçeşehir Koleji Kodlama ve Robotik Öğretmeni,Bahçeşehir Koleji,Bolu - Merkez,https://www.yenibiris.com/is-ilani/bolu-bahcesehir-koleji-kodlama-ve-robotik-ogretmeni/1201430,TR,Yenibiris
robotik,Alanya Amerıcan Internatıonal School Bilişim Öğretmeni,ALANYA AMERİKAN KÜLTÜR KOLEJİ,Antalya - Alanya,https://www.yenibiris.com/is-ilani/alanya-american-international-school-bilisim-ogretmeni/1195936,TR,Yenibiris
robotik,Çekmeköy Sınav Koleji / Bilgisayar Öğretmeni,Çekmeköy Sınav Koleji,İstanbul Anadolu Yakası - Çekmeköy,https://www.yenibiris.com/is-ilani/cekmekoy-sinav-koleji-bilgisayar-ogretmeni/1180135,TR,Yenibiris
robotik,Danışma / Öğrenci İşleri ve Kayıt Görevlisi,ERDEM OKULLARI,İstanbul Anadolu Yakası - Ümraniye,https://www.yenibiris.com/is-ilani/danisma-ogrenci-isleri-ve-kayit-gorevlisi/1200196,TR,Yenibiris
robotik,Tekirdağ Bahçeşehir Koleji / Kodlama Robotik Öğretmeni,Bahçeşehir Koleji,Tekirdağ - Süleymanpaşa,https://www.yenibiris.com/is-ilani/tekirdag-bahcesehir-koleji-kodlama-robotik-ogretmeni/1199533,TR,Yenibiris
robotik,Bilişim Teknolojileri Öğretmeni,PURSAKLAR SINAV LİSESİ,Ankara - Pursaklar,https://www.yenibiris.com/is-ilani/bilisim-teknolojileri-ogretmeni/940578,TR,Yenibiris
robotik,Robotik ve Kodlama Eğitmeni,GELİBOLU AMERİKAN KÜLTÜR KOLEJİ,Çanakkale - Gelibolu,https://www.yenibiris.com/is-ilani/robotik-ve-kodlama-egitmeni/1196408,TR,Yenibiris
robotik,Teknik Servis Görevlisi,EBEBEK,Kocaeli,https://www.yenibiris.com/is-ilani/teknik-servis-gorevlisi/1194666,TR,Yenibiris
robotik,BİLİŞİM  TEKNOLOJİLERİ ÖĞRETMENİ,DİDİM SINAV KOLEJİ [DİDİM KAMPÜSÜ],Aydın - Didim,https://www.yenibiris.com/is-ilani/bilisim-teknolojileri-ogretmeni/1192968,TR,Yenibiris
robotik,Kodlama Robotik Öğretmeni 2025-2026,Sınav Koleji,İstanbul Avrupa Yakası - Bayrampaşa,https://www.yenibiris.com/is-ilani/kodlama-robotik-ogretmeni-2025-2026/1088872,TR,Yenibiris
robotik,Bilişim Teknolojileri Öğretmeni,BİLNET EĞİTİM HİZMETLERİ A.Ş.,İstanbul Anadolu Yakası,https://www.yenibiris.com/is-ilani/bilisim-teknolojileri-ogretmeni/1069339,TR,Yenibiris
mekatronik,Uzun Dönem Stajyer  _ Mekatronik Mühendisi,Yerli İmalat ve Tasarım,Tekirdağ - Çorlu,https://www.yenibiris.com/is-ilani/uzun-donem-stajyer-mekatronik-muhendisi/1201213,TR,Yenibiris
mekatronik,Uzun Dönem Stajyer - Makine Teknikeri,Yerli İmalat ve Tasarım,Tekirdağ - Çorlu,https://www.yenibiris.com/is-ilani/uzun-donem-stajyer-makine-teknikeri/1201210,TR,Yenibiris
mekatronik,Uzun Dönem Stajyer - Mekatronik Teknikeri,Yerli İmalat ve Tasarım,Tekirdağ - Çorlu,https://www.yenibiris.com/is-ilani/uzun-donem-stajyer-mekatronik-teknikeri/1201005,TR,Yenibiris
mekatronik,Uzun Dönem Stajyer  _ Makine Mühendisi,Yerli İmalat ve Tasarım,Tekirdağ - Çorlu,https://www.yenibiris.com/is-ilani/uzun-donem-stajyer-makine-muhendisi/1201003,TR,Yenibiris
mekatronik,Çırak - Meslek Lisesi Stajyeri - MESEM Öğrencisi,Yerli İmalat ve Tasarım,Tekirdağ - Çorlu,https://www.yenibiris.com/is-ilani/cirak-meslek-lisesi-stajyeri-mesem-ogrencisi/1201002,TR,Yenibiris
mekatronik,Depo Uzman Yardımcısı,TEKSER MAKİNA VE TEKNİK DAN. SAN.TİC.VE PAZ.LTD.ŞTİ.,Bursa - İnegöl,https://www.yenibiris.com/is-ilani/depo-uzman-yardimcisi/1200423,TR,Yenibiris
mekatronik,Mekanik Tasarım Mühendisi,JETRON MAKINE SAN. VE TİC. A.Ş.,İstanbul Anadolu Yakası - Tuzla,https://www.yenibiris.com/is-ilani/mekanik-tasarim-muhendisi/1135459,TR,Yenibiris
mekatronik,Teknik/İnşaat Satınalma Uzmanı,EBEBEK,İstanbul Anadolu Yakası,https://www.yenibiris.com/is-ilani/teknik-insaat-satinalma-uzmani/1192177,TR,Yenibiris
yazılım,Account Executive,Ideasoft Yazılım San ve Tic AŞ,"İstanbul Avrupa Yakası, İstanbul Anadolu Yakası",https://www.yenibiris.com/is-ilani/account-executive/1202215,TR,Yenibiris
yazılım,Stajyer Yazılımcı - Üniversite,LAYSOS Yazılım Reklam Paz. Bil. Dan. San. Tic. Ltd. Şti.,"İstanbul Avrupa Yakası, İstanbul Avrupa Yakası - Esenyurt",https://www.yenibiris.com/is-ilani/stajyer-yazilimci-universite/1202196,TR,Yenibiris
yazılım,Müşteri Hizmetleri Personeli,BAYKUŞ MENTÖRLÜK YAZILIM LİMİTED ŞİRKETİ,İstanbul Avrupa Yakası - Beyoğlu,https://www.yenibiris.com/is-ilani/musteri-hizmetleri-personeli/1201292,TR,Yenibiris
yazılım,Mali Müşavir,OSMANİYE BAHÇEŞEHİR KOLEJİ,Osmaniye - Merkez,https://www.yenibiris.com/is-ilani/mali-musavir/1201364,TR,Yenibiris
yazılım,Mimar ve İnşaat Mühendisi,Şirket Bilgileri Gizli,İstanbul Avrupa Yakası,https://www.yenibiris.com/is-ilani/mimar-ve-insaat-muhendisi/1201304,TR,Yenibiris
yazılım,Sosyal Medya Reklamcılığı Uzmanı -Remote,Şirket Bilgileri Gizli,Türkiye,https://www.yenibiris.com/is-ilani/sosyal-medya-reklamciligi-uzmani-remote/1201297,TR,Yenibiris
yazılım,SEO Uzmanı,Şirket Bilgileri Gizli,Türkiye,https://www.yenibiris.com/is-ilani/seo-uzmani/1201296,TR,Yenibiris
yazılım,Tele Satış Temsilcisi,BAYKUŞ MENTÖRLÜK YAZILIM LİMİTED ŞİRKETİ,İstanbul Avrupa Yakası - Beyoğlu,https://www.yenibiris.com/is-ilani/tele-satis-temsilcisi/1201279,TR,Yenibiris
yazılım,Ön Büro Müdürü,MAESTRO OTEL TURİZM VE YATÇILIK LTD. ŞTİ.,İstanbul Avrupa Yakası,https://www.yenibiris.com/is-ilani/on-buro-muduru/1201278,TR,Yenibiris
yazılım,C/C++ Yazılım Uzmanı,AKINSOFT,Konya - Karatay,https://www.yenibiris.com/is-ilani/c-c-yazilim-uzmani/1200756,TR,Yenibiris
yazılım,Gelirler ve Krediler Sorumlusu,ALFALAHİ YÖNETİM İŞLETME VE TURİZM ANONİM ŞİRKETİ,İstanbul Avrupa Yakası,https://www.yenibiris.com/is-ilani/gelirler-ve-krediler-sorumlusu/1200253,TR,Yenibiris
yazılım,Yazılım Stajyeri,SUMO YAZILIM & DANIŞMANLIK,İstanbul Avrupa Yakası - Şişli,https://www.yenibiris.com/is-ilani/yazilim-stajyeri/1200150,TR,Yenibiris
geliştirici,Yazılım Geliştirme Uzmanı,SUMO YAZILIM & DANIŞMANLIK,İstanbul Avrupa Yakası - Şişli,https://www.yenibiris.com/is-ilani/yazilim-gelistirme-uzmani/1199274,TR,Yenibiris
geliştirici,Kıdemli .NET Geliştirici,YENİBİRİŞ DİJİTAL İNSAN KAYNAKLARI VE TEKNOLOJİ A.Ş.,İstanbul Anadolu Yakası,https://www.yenibiris.com/is-ilani/kidemli-net-gelistirici/1196158,TR,Yenibiris
geliştirici,Teknik Servis Müdürü,Richmond Hotels,İstanbul Anadolu Yakası,https://www.yenibiris.com/is-ilani/teknik-servis-muduru/1197529,TR,Yenibiris
geliştirici,Yazılım Kalite Kontrol Uzmanı-REMOTE,AKINSOFT,Konya - Selçuklu,https://www.yenibiris.com/is-ilani/yazilim-kalite-kontrol-uzmani-remote/1184618,TR,Yenibiris
programcı,Dijital Baskı Operatörü,Tekin Ozalit Baskı ve Reklam San. Dış Tic.A.Ş,İstanbul Avrupa Yakası - Küçükçekmece,https://www.yenibiris.com/is-ilani/dijital-baski-operatoru/1201736,TR,Yenibiris
programcı,Anaokulu Öğretmeni,AIKA AKADEMİ DANIŞ. VE EĞİTİM HİZ. LTD. ŞTİ.,"İstanbul Avrupa Yakası, İstanbul Avrupa Yakası - Sarıyer...",https://www.yenibiris.com/is-ilani/anaokulu-ogretmeni/1161276,TR,Yenibiris
programcı,Yönder Okulları Genel Müdürlük - Finans Elemanı,YÖNDER EĞİTİM ÖĞRETİM KURUMLARI A.Ş.,İstanbul Avrupa Yakası,https://www.yenibiris.com/is-ilani/yonder-okullari-genel-mudurluk-finans-elemani/1201106,TR,Yenibiris
programcı,Satınalma Uzmanı,URANUS İSTANBUL TOPKAPI HOTEL,İstanbul Avrupa Yakası - Zeytinburnu,https://www.yenibiris.com/is-ilani/satinalma-uzmani/1194106,TR,Yenibiris
programcı,Genel Muhasebe Uzmanı,Maltepe Sınav Koleji,İstanbul Anadolu Yakası - Maltepe,https://www.yenibiris.com/is-ilani/genel-muhasebe-uzmani/1199485,TR,Yenibiris
programcı,Fizik Laboratuvar Elemanı,GÜLLE ENTEGRE TEKSTİL İŞLETMELERİ EMLAK DAN.SAN.TİC.A.Ş.,"Tekirdağ - Ergene, Tekirdağ - Çorlu",https://www.yenibiris.com/is-ilani/fizik-laboratuvar-elemani/1183467,TR,Yenibiris
programcı,Müdür Yardımcısı,SULTANGAZİ SINAV KURS,İstanbul Avrupa Yakası - Sultangazi,https://www.yenibiris.com/is-ilani/mudur-yardimcisi/1121526,TR,Yenibiris
programcı,Stajyer Sınıf Öğretmeni,NESİBE AYDIN OKULLARI,Ankara,https://www.yenibiris.com/is-ilani/stajyer-sinif-ogretmeni/1064533,TR,Yenibiris
programcı,TEKNİK DİREKTÖR,Özel Vitale Kadın Hastalıkları ve Doğum Hastanesi,Antalya,https://www.yenibiris.com/is-ilani/teknik-direktor/1200142,TR,Yenibiris
programcı,Teknik Destek Uzmanı / Uzman Yardımcısı,TEKNOLİST BİLGİSAYAR SİSTEMLERİ YAZILIM YAYINCILIK SANAYİ VE TİCARET ANONİM ŞİRKETİ,"İstanbul Anadolu Yakası - Kadıköy, İstanbul Anadolu Yakası",https://www.yenibiris.com/is-ilani/teknik-destek-uzmani-uzman-yardimcisi/1200129,TR,Yenibiris
programcı,E-Ticaret Sorumlusu,ERFE GROUP AKILLI CİHAZ VE GİYİM TEK. SAN.VE TİC. LTD. ŞTİ.,"İstanbul Avrupa Yakası - Avcılar, İstanbul Avrupa Yakası - Avcılar...",https://www.yenibiris.com/is-ilani/e-ticaret-sorumlusu/1200040,TR,Yenibiris
bulut,DevOps Engineer,SOFT ROBOTİCS İNOVASYON YAZILIM VE DANIŞMANLIK ANONİM ŞİRKETİ,İstanbul Anadolu Yakası - Üsküdar,https://www.yenibiris.com/is-ilani/devops-engineer/1199325,TR,Yenibiris
bulut,Yazılım Uzmanı,AÇI EĞİTİM KURUMLARI,İstanbul Avrupa Yakası - Gaziosmanpaşa,https://www.yenibiris.com/is-ilani/yazilim-uzmani/1185941,TR,Yenibiris
ağ,Sales Executive,SOMERSET MASLAK İSTANBUL,İstanbul Avrupa Yakası - Sarıyer,https://www.yenibiris.com/is-ilani/sales-executive/1200942,TR,Yenibiris
ağ,Park ve Bahçeler Sorumlusu,GALERİ KRİSTAL,Antalya - Aksu,https://www.yenibiris.com/is-ilani/park-ve-bahceler-sorumlusu/1200666,TR,Yenibiris
ağ,Bilgi İşlem Destek Elemanı,Risus Aqua Beach Resort Hotel,Aydın - Kuşadası,https://www.yenibiris.com/is-ilani/bilgi-islem-destek-elemani/1187203,TR,Yenibiris
ağ,Reservation Agent,AYKAÇ OTELCİLİK VE TURİZM TİCARET ANONİM ŞİRKETİ,İstanbul Avrupa Yakası - Şişli,https://www.yenibiris.com/is-ilani/reservation-agent/1202058,TR,Yenibiris
ağ,Romence Tercüman,Vega Health Agency,İstanbul Avrupa Yakası - Bahçelievler,https://www.yenibiris.com/is-ilani/romence-tercuman/1201995,TR,Yenibiris
ağ,Kat Görevlisi,ASPERA HOTEL,"İstanbul Avrupa Yakası - Beyoğlu, İstanbul Anadolu Yakası - Üsküdar",https://www.yenibiris.com/is-ilani/kat-gorevlisi/1201510,TR,Yenibiris
ağ,Sakarya Agora Adapazarı AVM/Takım Arkadaşları Arıyoruz!,EBEBEK,İstanbul Anadolu Yakası,https://www.yenibiris.com/is-ilani/sakarya-agora-adapazari-avm-takim-arkadaslari-ariyoruz/1192576,TR,Yenibiris
ağ,Front Office Agents for Luxury Boutique Hotel,GEORGES HOTEL,İstanbul Avrupa Yakası - Beyoğlu,https://www.yenibiris.com/is-ilani/front-office-agents-for-luxury-boutique-hotel/1201351,TR,Yenibiris
ağ,Playground English Teacher,LUMİ Moms&Kids,"İstanbul Avrupa Yakası - Bakırköy, İstanbul Avrupa Yakası",https://www.yenibiris.com/is-ilani/playground-english-teacher/1201306,TR,Yenibiris
ağ,Kıdemli Network  Uzmanı,İSTANBUL TOPKAPI ÜNİVERSİTESİ,"İstanbul Avrupa Yakası, İstanbul Anadolu Yakası",https://www.yenibiris.com/is-ilani/kidemli-network-uzmani/1201263,TR,Yenibiris
ağ,Guest Relations Agent,Sheraton İstanbul Ataköy Hotel,İstanbul Avrupa Yakası - Bakırköy,https://www.yenibiris.com/is-ilani/guest-relations-agent/1201234,TR,Yenibiris
ağ,Ön Muhasebe ve Sekreterlik,BURÇ AĞAÇ KAPLAMA SANAYİ VE TİCARET A.Ş.,"İstanbul Avrupa Yakası - Başakşehir, İstanbul Avrupa Yakası",https://www.yenibiris.com/is-ilani/on-muhasebe-ve-sekreterlik/1199390,TR,Yenibiris
ağ,Bilgi İşlem Destek Personeli,Altur Turizm Servis ve Tic. Ltd. Şti.,İstanbul Anadolu Yakası,https://www.yenibiris.com/is-ilani/bilgi-islem-destek-personeli/1200982,TR,Yenibiris
ağ,Şantiye Sorumlusu,TELLİ YAPI MUTFAK BANYO İNŞ.EML.DEK.SAN.TİC.LTD.ŞTİ.,İstanbul Avrupa Yakası - Başakşehir,https://www.yenibiris.com/is-ilani/santiye-sorumlusu/1196191,TR,Yenibiris
ağ,Coldwell Banker Bridge Gayrimenkul / Gayrimenkul Danışmanı,COLDWELL BANKER,"İstanbul Avrupa Yakası - Başakşehir, İstanbul Avrupa Yakası - Başakşehir...",https://www.yenibiris.com/is-ilani/coldwell-banker-bridge-gayrimenkul-gayrimenkul-danismani/1182463,TR,Yenibiris
veri,Dijital Pazarlama ve Sosyal Medya Uzmanı,inza mücevherat bilgi tek ve dış tic ltd şti,"İstanbul Avrupa Yakası, İstanbul Avrupa Yakası - Fatih",https://www.yenibiris.com/is-ilani/dijital-pazarlama-ve-sosyal-medya-uzmani/1202018,TR,Yenibiris
veri,Demirbaş Sayım ve Veri Toplama Elemanı,SPEKSA BİLİŞİM HİZMETLERİ LTD.ŞTİ,"İstanbul Avrupa Yakası, İstanbul Anadolu Yakası",https://www.yenibiris.com/is-ilani/demirbas-sayim-ve-veri-toplama-elemani/1201957,TR,Yenibiris
veri,Night Demi Chef,DoubleTree By Hilton Istanbul Gayrettepe,İstanbul Avrupa Yakası - Şişli,https://www.yenibiris.com/is-ilani/night-demi-chef/1198476,TR,Yenibiris
veri,Cluster Corporate Sales Executive,AHC Old City Hotel,İstanbul Avrupa Yakası,https://www.yenibiris.com/is-ilani/cluster-corporate-sales-executive/1177191,TR,Yenibiris
veri,Saha Satış Temsilcisi,Tekin Ozalit Baskı ve Reklam San. Dış Tic.A.Ş,İstanbul Avrupa Yakası - Küçükçekmece,https://www.yenibiris.com/is-ilani/saha-satis-temsilcisi/1201273,TR,Yenibiris
veri,Depo Görevlisi,MY LOVE GİYİM TURİZM İNŞAAT VE REKLAMCILIK SANAYİ,İstanbul Avrupa Yakası,https://www.yenibiris.com/is-ilani/depo-gorevlisi/1196182,TR,Yenibiris
veri,Veri Girişi ve İçerik Yönetimi,ANEXXA BİLİŞİM TEKNOLOJİLERİ A.Ş.,İstanbul Avrupa Yakası - Şişli,https://www.yenibiris.com/is-ilani/veri-girisi-ve-icerik-yonetimi/1201062,TR,Yenibiris
veri,Teknik Eleman  Boyacı,ORİON CERRAHİ TIP MERKEZİ,İstanbul Avrupa Yakası - Kağıthane,https://www.yenibiris.com/is-ilani/teknik-eleman-boyaci/1201045,TR,Yenibiris
veri,Resepsiyonist,DEDEMAN HOTELS&RESORTS INTERNATIONAL,"Erzurum, Erzurum - Palandöken",https://www.yenibiris.com/is-ilani/resepsiyonist/1200903,TR,Yenibiris
veri,Gayrimenkul Danışmanı,RE/MAX ARMİNA,"Kocaeli, Kocaeli - İzmit...",https://www.yenibiris.com/is-ilani/gayrimenkul-danismani/1193953,TR,Yenibiris
veri,Alacarte Junior Sous Chef,Sofitel İstanbul Taksim,İstanbul Avrupa Yakası - Beyoğlu,https://www.yenibiris.com/is-ilani/alacarte-junior-sous-chef/1199246,TR,Yenibiris
veri,Yiyecek ve İçecek Müdür Yardımcısı,AJWA HOTELS,İstanbul Avrupa Yakası - Fatih,https://www.yenibiris.com/is-ilani/yiyecek-ve-icecek-mudur-yardimcisi/1200611,TR,Yenibiris
veri,Operations & Brand Assistant / Operasyon ve Marka Asistanı,WHITEWAY TEKNOLOJI DIŞ TIC.LTD.ŞTI.,İstanbul Avrupa Yakası - Beşiktaş,https://www.yenibiris.com/is-ilani/operations-brand-assistant-operasyon-ve-marka-asistani/1200518,TR,Yenibiris
veri,Muhasebe Stajyeri,LEGACY OTTOMAN HOTEL 5*,İstanbul Avrupa Yakası - Fatih,https://www.yenibiris.com/is-ilani/muhasebe-stajyeri/1200204,TR,Yenibiris
yapay zeka,Grafik Tasarımcısı,UĞUR OKULLARI TOPKAPI KAMPÜSÜ,İstanbul Avrupa Yakası - Zeytinburnu,https://www.yenibiris.com/is-ilani/grafik-tasarimcisi/1201021,TR,Yenibiris
yapay zeka,Satış Pazarlama Elemanı,Tahir Dinç,"İstanbul Avrupa Yakası, İstanbul Anadolu Yakası",https://www.yenibiris.com/is-ilani/satis-pazarlama-elemani/1200804,TR,Yenibiris
yapay zeka,Grafik Tasarımcısı,Babyjem Bebek Ürünleri Sanayi ve Ticaret A.Ş.,İstanbul Avrupa Yakası - Avcılar,https://www.yenibiris.com/is-ilani/grafik-tasarimcisi/1200329,TR,Yenibiris
yapay zeka,Grafiker,ERFE GROUP AKILLI CİHAZ VE GİYİM TEK. SAN.VE TİC. LTD. ŞTİ.,"İstanbul Avrupa Yakası - Avcılar, İstanbul Avrupa Yakası - Avcılar...",https://www.yenibiris.com/is-ilani/grafiker/1200039,TR,Yenibiris
yapay zeka,Almanca Bilen Yapay Zeka Müşteri Temsilcisi,Doğa İnsan Kaynakları Yönetim ve Bilişim Danışmanlık Hizmetleri Ltd. Şti.,Türkiye,https://www.yenibiris.com/is-ilani/almanca-bilen-yapay-zeka-musteri-temsilcisi/1199406,TR,Yenibiris
yapay zeka,Okul Müdürü,İLKEM KOLEJİ,İstanbul Avrupa Yakası - Çatalca,https://www.yenibiris.com/is-ilani/okul-muduru/1199355,TR,Yenibiris
yapay zeka,PROGRAM GELİŞTİRME UZMANI,Sınav Koleji,Ankara - Çankaya,https://www.yenibiris.com/is-ilani/program-gelistirme-uzmani/1190295,TR,Yenibiris
araştırma,Satınalma Görevlisi,MAKİŞ İNŞAAT VE TAAHÜT A.Ş.,İstanbul Avrupa Yakası - Başakşehir,https://www.yenibiris.com/is-ilani/satinalma-gorevlisi/1201762,TR,Yenibiris
araştırma,Kazandıran Takıma Katıl! Gayrimenkul Danışmanı Ol,CB Lika,Trabzon - Merkez,https://www.yenibiris.com/is-ilani/kazandiran-takima-katil-gayrimenkul-danismani-ol/1201702,TR,Yenibiris
araştırma,Demi Chef Gececi,GOLDEN TULİP BAYRAMPAŞA HOTEL,İstanbul Avrupa Yakası,https://www.yenibiris.com/is-ilani/demi-chef-gececi/1201255,TR,Yenibiris
araştırma,Bilgi İşlem Şefi,HT HOTELS,İstanbul Avrupa Yakası,https://www.yenibiris.com/is-ilani/bilgi-islem-sefi/1201226,TR,Yenibiris
araştırma,Acenta Satış Yetkilisi,ASPERA HOTEL,"İstanbul Avrupa Yakası, İstanbul Anadolu Yakası",https://www.yenibiris.com/is-ilani/acenta-satis-yetkilisi/1200736,TR,Yenibiris
araştırma,ArGe Uzman Yardımcısı,ELVAN GIDA SANAYİ VE TİCARET A.Ş.,İstanbul Avrupa Yakası - Küçükçekmece,https://www.yenibiris.com/is-ilani/arge-uzman-yardimcisi/1200687,TR,Yenibiris
araştırma,Eczane Hizmetleri Teknikeri,ÇORLU VATAN HASTANESİ,Tekirdağ - Çorlu,https://www.yenibiris.com/is-ilani/eczane-hizmetleri-teknikeri/1200479,TR,Yenibiris
araştırma,SATIŞ MÜDÜR YARDIMCISI,Bemar Kariyer Okulu,İzmir - Bayraklı,https://www.yenibiris.com/is-ilani/satis-mudur-yardimcisi/1199937,TR,Yenibiris
araştırma,Merchandiser,TELLGRAPH ARAŞTIRMA DANIŞMANLIK TURİZM VE ORGANİZASYON A.Ş.,Türkiye,https://www.yenibiris.com/is-ilani/merchandiser/1190774,TR,Yenibiris
araştırma,Kurumsal Pazarlama Temsilcisi,KURTKÖY  ERSOY HASTANESİ,İstanbul Anadolu Yakası - Pendik,https://www.yenibiris.com/is-ilani/kurumsal-pazarlama-temsilcisi/1199850,TR,Yenibiris
araştırma,Sınıf Öğretmeni,İlkdört İlkokulları,Sakarya - Serdivan,https://www.yenibiris.com/is-ilani/sinif-ogretmeni/1199687,TR,Yenibiris
araştırma,İngilizce Öğretmeni,Asfa Eğitim Kurumları,İstanbul Anadolu Yakası - Üsküdar,https://www.yenibiris.com/is-ilani/ingilizce-ogretmeni/1199676,TR,Yenibiris
araştırma,Arge Mühendisi,USTALAR PASTA ÜRÜNLERİ GIDA SANAYİ VE TİCARET LİMİTED ŞİRKETİ,"İstanbul Avrupa Yakası, İstanbul Avrupa Yakası - Avcılar",https://www.yenibiris.com/is-ilani/arge-muhendisi/1082260,TR,Yenibiris
araştırma,Çağrı Merkezi Müşteri Temsilcisi,PİN-AR ARAŞTIRMA,Türkiye,https://www.yenibiris.com/is-ilani/cagri-merkezi-musteri-temsilcisi/1199397,TR,Yenibiris
bilimci,Ortaokul Fen Bilimleri Öğretmeni,BJK KABATAŞ VAKFI OKULLARI,"İstanbul Anadolu Yakası, İstanbul Anadolu Yakası - Üsküdar",https://www.yenibiris.com/is-ilani/ortaokul-fen-bilimleri-ogretmeni/1181411,TR,Yenibiris
bilimci,Nazmi Arıkan Fen Bilimleri Çorlu Okulları Okul Öncesi Öğretmeni,Trakya Fen Bilimleri Eğitim Kurumları,Tekirdağ - Çorlu,https://www.yenibiris.com/is-ilani/nazmi-arikan-fen-bilimleri-corlu-okullari-okul-oncesi-ogretmeni/1175756,TR,Yenibiris
bilimci,Fen Bilimleri Öğretmeni,KAVRAM ÖZEL ÖĞRETİM KURSU,İstanbul Anadolu Yakası - Pendik,https://www.yenibiris.com/is-ilani/fen-bilimleri-ogretmeni/1202039,TR,Yenibiris
bilimci,Bolu Bahçeşehir Koleji Fen Bilimleri Öğretmenleri,Bahçeşehir Koleji,Bolu - Merkez,https://www.yenibiris.com/is-ilani/bolu-bahcesehir-koleji-fen-bilimleri-ogretmenleri/1201112,TR,Yenibiris
bilimci,Fen Bilimleri Öğretmeni,İSTANBUL BİL EĞİTİM KURUMLARI TİC. A.Ş.,İstanbul Anadolu Yakası - Maltepe,https://www.yenibiris.com/is-ilani/fen-bilimleri-ogretmeni/1196360,TR,Yenibiris
bilimci,Fen Bilimleri Öğretmeni,KEY KOLEJİ KADIKÖY,İstanbul Anadolu Yakası - Kadıköy,https://www.yenibiris.com/is-ilani/fen-bilimleri-ogretmeni/1200787,TR,Yenibiris
bilimci,Fen Bilimleri Öğretmeni,UĞUR OKULLARI,"Tekirdağ - Çorlu, Tekirdağ - Çorlu...",https://www.yenibiris.com/is-ilani/fen-bilimleri-ogretmeni/898362,TR,Yenibiris
bilimci,"Orta Asya  -Azerbeycan, Kazak, Kırgız, Tatar, Türkmen, Özbek, Uygur- Edebiyatı Yazarı",HUMANITIES INSTITUTE,İstanbul Anadolu Yakası,https://www.yenibiris.com/is-ilani/orta-asya-azerbeycan-kazak-kirgiz-tatar-turkmen-ozbek-uygur-edebiyati-ya/1161807,TR,Yenibiris
bilimci,Fen Bilimleri Öğretmeni,Odtülüler Aktif Eğitim,"Ankara, Ankara - Etimesgut...",https://www.yenibiris.com/is-ilani/fen-bilimleri-ogretmeni/1143012,TR,Yenibiris
bilimci,Fen Bilimleri Öğretmeni,BİLNET EĞİTİM HİZMETLERİ A.Ş.,Bursa,https://www.yenibiris.com/is-ilani/fen-bilimleri-ogretmeni/1011767,TR,Yenibiris
bilimci,Fen Bilimleri Öğretmeni,BİLNET EĞİTİM HİZMETLERİ A.Ş.,İzmir,https://www.yenibiris.com/is-ilani/fen-bilimleri-ogretmeni/1069592,TR,Yenibiris
bilimci,FEN BİLİMLERİ ÖĞRETMENİ,Bilfen Eğitim Kurumları A.Ş,"İstanbul Avrupa Yakası, İstanbul Anadolu Yakası",https://www.yenibiris.com/is-ilani/fen-bilimleri-ogretmeni/568334,TR,Yenibiris
bilimci,Fen Bilimleri Öğretmeni,BİLNET EĞİTİM HİZMETLERİ A.Ş.,İstanbul Anadolu Yakası,https://www.yenibiris.com/is-ilani/fen-bilimleri-ogretmeni/1069366,TR,Yenibiris
bilimci,Fen Bilimleri Öğretmeni,BİLNET EĞİTİM HİZMETLERİ A.Ş.,İstanbul Anadolu Yakası,https://www.yenibiris.com/is-ilani/fen-bilimleri-ogretmeni/1069322,TR,Yenibiris
bilimci,Fen Bilimleri Öğretmeni,Bilfen Eğitim Kurumları A.Ş,Gaziantep,https://www.yenibiris.com/is-ilani/fen-bilimleri-ogretmeni/835667,TR,Yenibiris
laboratuvar,Moleküler Biyolog Genetik Uzmanı,FARMAPARK ARGE BİYOTEKNOLOJİ LTD.ŞTİ,"Konya - Selçuklu, Antalya",https://www.yenibiris.com/is-ilani/molekuler-biyolog-genetik-uzmani/1202029,TR,Yenibiris
laboratuvar,Satış Sorumlusu,BİZİM ORTAK SAĞLIK GÜVENLİK BİRİMİ SAN.VE TİC.A.Ş,"İstanbul Avrupa Yakası, İstanbul Anadolu Yakası",https://www.yenibiris.com/is-ilani/satis-sorumlusu/1201511,TR,Yenibiris
laboratuvar,Kalite Kontrol Sorumlusu,İstanbul Anadolu Yakası Organize Sanayi Bölgesi,İstanbul Anadolu Yakası - Tuzla,https://www.yenibiris.com/is-ilani/kalite-kontrol-sorumlusu/1201872,TR,Yenibiris
laboratuvar,Kalite Kontrol Uzmanı,İstanbul Anadolu Yakası Organize Sanayi Bölgesi,İstanbul Anadolu Yakası - Tuzla,https://www.yenibiris.com/is-ilani/kalite-kontrol-uzmani/1201865,TR,Yenibiris
laboratuvar,Biyoloji Öğretmeni,KAVRAM KOLEJİ,Ankara - Sincan,https://www.yenibiris.com/is-ilani/biyoloji-ogretmeni/1201749,TR,Yenibiris
laboratuvar,Kimya Öğretmeni Eskişehir Odtülüler Eğitim Kurumları,Şirket Bilgileri Gizli,Eskişehir,https://www.yenibiris.com/is-ilani/kimya-ogretmeni-eskisehir-odtululer-egitim-kurumlari/1201658,TR,Yenibiris
laboratuvar,Kamu İhaleleri Uzmanı,BEYANLAB LABORATUVAR ÜRÜNLERİ SAN. TİC. LTD. ŞTİ.,İstanbul Avrupa Yakası - Esenler,https://www.yenibiris.com/is-ilani/kamu-ihaleleri-uzmani/1201457,TR,Yenibiris
laboratuvar,BİYOLOG,Bağdat Baharat,K.Maraş,https://www.yenibiris.com/is-ilani/biyolog/360655,TR,Yenibiris
laboratuvar,Kimya Öğretmeni,KEY KOLEJİ KADIKÖY,İstanbul Anadolu Yakası - Kadıköy,https://www.yenibiris.com/is-ilani/kimya-ogretmeni/1200793,TR,Yenibiris
laboratuvar,KİMYA ÖĞRETMENİ,Sınav Eğitim Kurumları,Ankara,https://www.yenibiris.com/is-ilani/kimya-ogretmeni/1200536,TR,Yenibiris
laboratuvar,Almanyada Sağlık Teknikeri İş İlanı,Doğa İnsan Kaynakları Yönetim ve Bilişim Danışmanlık Hizmetleri Ltd. Şti.,Türkiye,https://www.yenibiris.com/is-ilani/almanyada-saglik-teknikeri-is-ilani/1200473,TR,Yenibiris
laboratuvar,Gıda Mühendisi,Ramada Plaza By Wyndham Silivri,İstanbul Avrupa Yakası - Silivri,https://www.yenibiris.com/is-ilani/gida-muhendisi/1200094,TR,Yenibiris
doktora,Bebek Hemşiresi,AHOSPİTAL SAĞLIK HİZMETLERİ TİCARET LİMİTED ŞİRKETİ,İstanbul Avrupa Yakası - Bahçelievler,https://www.yenibiris.com/is-ilani/bebek-hemsiresi/1200908,TR,Yenibiris
doktora,ELEKTRİK TEKNİSYENİ/TEKNİKERİ,ÖZEL ERDEM HASTANESİ,İstanbul Avrupa Yakası,https://www.yenibiris.com/is-ilani/elektrik-teknisyeni-teknikeri/1201698,TR,Yenibiris
doktora,Akademik Koordinatör,OSMANİYE BAHÇEŞEHİR KOLEJİ,Osmaniye - Merkez,https://www.yenibiris.com/is-ilani/akademik-koordinator/1201573,TR,Yenibiris
doktora,Fizik Tedavi  Sekreteri,KARDELEN TIP MERKEZİ,İstanbul Anadolu Yakası,https://www.yenibiris.com/is-ilani/fizik-tedavi-sekreteri/1199854,TR,Yenibiris
doktora,Hemşire,AHOSPİTAL SAĞLIK HİZMETLERİ TİCARET LİMİTED ŞİRKETİ,İstanbul Avrupa Yakası - Bahçelievler,https://www.yenibiris.com/is-ilani/hemsire/1199290,TR,Yenibiris
doktora,Estetisyen Yardımcısı,ÖZEL ERDEM HASTANESİ,İstanbul Anadolu Yakası,https://www.yenibiris.com/is-ilani/estetisyen-yardimcisi/842897,TR,Yenibiris
doktora,Tıbbi Sekreter,ANADOLU HASTANELERİ SİLİVRİ,İstanbul Avrupa Yakası - Silivri,https://www.yenibiris.com/is-ilani/tibbi-sekreter/910059,TR,Yenibiris
doktora,Eğitim Yöneticisi,BAHÇEŞEHİR OKULLARI ANONİM ŞİRKETİ,"İstanbul Avrupa Yakası, İstanbul Anadolu Yakası",https://www.yenibiris.com/is-ilani/egitim-yoneticisi/1200157,TR,Yenibiris
doktora,Uzman Estetisyen,EBRU KARAGÜN,"Ankara, Ankara - Yenimahalle",https://www.yenibiris.com/is-ilani/uzman-estetisyen/1199487,TR,Yenibiris
doktora,Hemşire,NESİBE AYDIN OKULLARI,Ankara,https://www.yenibiris.com/is-ilani/hemsire/1197991,TR,Yenibiris
doktora,Acil Kadın Doğum Doktor Asistanı,ÖZEL DELTA HOSPİTAL,"İstanbul Anadolu Yakası - Maltepe, İstanbul Anadolu Yakası - Maltepe",https://www.yenibiris.com/is-ilani/acil-kadin-dogum-doktor-asistani/1195716,TR,Yenibiris
doktora,Okul Müdürü,EGEBİL EĞİTİM KURUMLARI,İstanbul Avrupa Yakası - Esenyurt,https://www.yenibiris.com/is-ilani/okul-muduru/1177708,TR,Yenibiris
matematik,Matematik Öğretmeni,MAVİ UMUT EĞİTİM KURUMLARI,İstanbul Avrupa Yakası - Arnavutköy,https://www.yenibiris.com/is-ilani/matematik-ogretmeni/1202127,TR,Yenibiris
matematik,Matematik öğretmeni,KAVRAM ÖZEL ÖĞRETİM KURSU,İstanbul Anadolu Yakası - Çekmeköy,https://www.yenibiris.com/is-ilani/matematik-ogretmeni/1197843,TR,Yenibiris
matematik,Matematik Öğretmeni,Şirket Bilgileri Gizli,İstanbul Avrupa Yakası,https://www.yenibiris.com/is-ilani/matematik-ogretmeni/1202074,TR,Yenibiris
matematik,Matematik Öğretmeni,Tunalı Akademi,"Ankara, Ankara - Çankaya",https://www.yenibiris.com/is-ilani/matematik-ogretmeni/1201664,TR,Yenibiris
matematik,Matematik Öğretmeni,Şirket Bilgileri Gizli,Ankara - Altındağ,https://www.yenibiris.com/is-ilani/matematik-ogretmeni/1201483,TR,Yenibiris
matematik,Matematik Öğretmeni,İSTANBUL - BEŞİKTAŞ - BİREY ÖZEL ÖĞRETİM KURSU,İstanbul Avrupa Yakası - Beşiktaş,https://www.yenibiris.com/is-ilani/matematik-ogretmeni/1201178,TR,Yenibiris
matematik,Matematik Öğretmeni,KEY KOLEJİ KADIKÖY,İstanbul Anadolu Yakası - Kadıköy,https://www.yenibiris.com/is-ilani/matematik-ogretmeni/1200783,TR,Yenibiris
matematik,Matematik Öğretmeni,Sınav Eğitim Kurumları,Ankara,https://www.yenibiris.com/is-ilani/matematik-ogretmeni/1200538,TR,Yenibiris
matematik,Matematik Öğretmeni,SONSUZ ARTI MATEMATIK ÖZEL ÖĞRETİM KURSU,"İzmir - Aliağa, İzmir",https://www.yenibiris.com/is-ilani/matematik-ogretmeni/1200467,TR,Yenibiris
matematik,Matematik Öğretmeni,KAVRAM KURS MERKEZİ,İstanbul Anadolu Yakası - Pendik,https://www.yenibiris.com/is-ilani/matematik-ogretmeni/1200169,TR,Yenibiris
matematik,Matematik Öğretmeni,Şirket Bilgileri Gizli,Ankara - Yenimahalle,https://www.yenibiris.com/is-ilani/matematik-ogretmeni/1199799,TR,Yenibiris
matematik,Matematik Öğretmeni,UĞUR OKULLARI,"Tekirdağ - Çorlu, Tekirdağ - Çerkezköy...",https://www.yenibiris.com/is-ilani/matematik-ogretmeni/1018888,TR,Yenibiris
matematik,Matematik Öğretmeni,Kocaeli Sınav Koleji Şahin Kampüsü,Kocaeli - Kartepe,https://www.yenibiris.com/is-ilani/matematik-ogretmeni/995715,TR,Yenibiris
matematik,Matematik Öğretmeni,BALIKESİR SINAV KURS,Balıkesir,https://www.yenibiris.com/is-ilani/matematik-ogretmeni/1176708,TR,Yenibiris
matematik,Matematik Öğretmeni,Şirket Bilgileri Gizli,İstanbul Avrupa Yakası - Büyükçekmece,https://www.yenibiris.com/is-ilani/matematik-ogretmeni/1197650,TR,Yenibiris
sürdürülebilirlik,Flemenkçe Bilen Business-To-Business B2b Randevu Danışmanı,Doğa İnsan Kaynakları Yönetim ve Bilişim Danışmanlık Hizmetleri Ltd. Şti.,Türkiye,https://www.yenibiris.com/is-ilani/flemenkce-bilen-business-to-business-b2b-randevu-danismani/1198657,TR,Yenibiris
sürdürülebilirlik,Flemenkçe Bilen Gsm Danışmanı Home Office,Doğa İnsan Kaynakları Yönetim ve Bilişim Danışmanlık Hizmetleri Ltd. Şti.,Türkiye,https://www.yenibiris.com/is-ilani/flemenkce-bilen-gsm-danismani-home-office/1196634,TR,Yenibiris
sürdürülebilirlik,TÜM BRANŞLARDA TAKIM ARKADAŞLARI ARAMAKTAYIZ.,ÖZEL NAZMİ ARIKAN FEN BİLİMLERİ KARTAL ANADOLU LİSESİ,İstanbul Anadolu Yakası - Kartal,https://www.yenibiris.com/is-ilani/tum-branslarda-takim-arkadaslari-aramaktayiz/1089820,TR,Yenibiris
yenilenebilir,Muhasebe Müdürü,TNC MÜHENDİSLİK ENDÜSTRİYEL CİHAZLAR,"İstanbul Anadolu Yakası - Kadıköy, İstanbul Anadolu Yakası",https://www.yenibiris.com/is-ilani/muhasebe-muduru/1201925,TR,Yenibiris
yenilenebilir,Muhasebe ve Finans Elemanı - Milas,ÜÇAY MÜHENDİSLİK ENERJİ VE İKLİMLENDİRME TEKNOLOJİLERİ A.Ş.,Muğla - Milas,https://www.yenibiris.com/is-ilani/muhasebe-ve-finans-elemani-milas/1200879,TR,Yenibiris
yenilenebilir,Muhasebe ve Finans Elemanı - Ünye,ÜÇAY MÜHENDİSLİK ENERJİ VE İKLİMLENDİRME TEKNOLOJİLERİ A.Ş.,Ordu - Ünye,https://www.yenibiris.com/is-ilani/muhasebe-ve-finans-elemani-unye/1200391,TR,Yenibiris
yenilenebilir,İş Sağlığı ve Güvenliği Teknikeri / İstanbul - Beyoğlu,ÜÇAY MÜHENDİSLİK ENERJİ VE İKLİMLENDİRME TEKNOLOJİLERİ A.Ş.,İstanbul Avrupa Yakası,https://www.yenibiris.com/is-ilani/is-sagligi-ve-guvenligi-teknikeri-istanbul-beyoglu/1199823,TR,Yenibiris
enerji,Gayrimenkul Danışmanı,REDSTONE GLOBAL FRANCHISING GAYRİMENKUL HİZMETLERİ ANONİM ŞİRKETİ,"İstanbul Avrupa Yakası, İstanbul Anadolu Yakası...",https://www.yenibiris.com/is-ilani/gayrimenkul-danismani/1201690,TR,Yenibiris
enerji,Bellboy,CABA GRUP İNŞAAT ENERJİ TURİZM  SANAYİ ve TİC. A.Ş.,Diyarbakır - Bağlar,https://www.yenibiris.com/is-ilani/bellboy/1169737,TR,Yenibiris
enerji,İşe Alım Uzman- Uzman Yardımcısı,Doğa İnsan Kaynakları Yönetim ve Bilişim Danışmanlık Hizmetleri Ltd. Şti.,İzmir,https://www.yenibiris.com/is-ilani/ise-alim-uzman-uzman-yardimcisi/1201939,TR,Yenibiris
enerji,OFİS ASİSTANI  /  COLDWELL BANKER MEGA,Coldwell Banker Mega,İstanbul Avrupa Yakası - Başakşehir,https://www.yenibiris.com/is-ilani/ofis-asistani-coldwell-banker-mega/1201856,TR,Yenibiris
enerji,Tüm Branşlardan Online Öğretmen – Radikal UZEM Uzaktan Eğitim Merkezi,RADİKAL EĞİTİM KURUMLARI,Türkiye,https://www.yenibiris.com/is-ilani/tum-branslardan-online-ogretmen-radikal-uzem-uzaktan-egitim-merkezi/1201500,TR,Yenibiris
enerji,Makine Mühendisi-Samsun,ÜÇAY MÜHENDİSLİK ENERJİ VE İKLİMLENDİRME TEKNOLOJİLERİ A.Ş.,Samsun,https://www.yenibiris.com/is-ilani/makine-muhendisi-samsun/1201380,TR,Yenibiris
enerji,SAHA SATIŞ UZMANI,GÜNEY NET TURKCELL SUPERONLİNE,İstanbul Anadolu Yakası - Maltepe,https://www.yenibiris.com/is-ilani/saha-satis-uzmani/1177148,TR,Yenibiris
enerji,Doğal Gaz Tesisat Teknisyeni - Aydın,ÜÇAY MÜHENDİSLİK ENERJİ VE İKLİMLENDİRME TEKNOLOJİLERİ A.Ş.,Aydın,https://www.yenibiris.com/is-ilani/dogal-gaz-tesisat-teknisyeni-aydin/1201101,TR,Yenibiris
enerji,Satış Temsilcisi-Giresun,ÜÇAY MÜHENDİSLİK ENERJİ VE İKLİMLENDİRME TEKNOLOJİLERİ A.Ş.,Giresun,https://www.yenibiris.com/is-ilani/satis-temsilcisi-giresun/1201079,TR,Yenibiris
enerji,Receptionist,39 Kalamış Marina Hotel & Restaurant,İstanbul Anadolu Yakası - Kadıköy,https://www.yenibiris.com/is-ilani/receptionist/1200134,TR,Yenibiris
enerji,Satış Temsilcisi - Beyşehir,ÜÇAY MÜHENDİSLİK ENERJİ VE İKLİMLENDİRME TEKNOLOJİLERİ A.Ş.,Konya - Beyşehir,https://www.yenibiris.com/is-ilani/satis-temsilcisi-beysehir/1197773,TR,Yenibiris
enerji,Satış Temsilcisi - Akşehir,ÜÇAY MÜHENDİSLİK ENERJİ VE İKLİMLENDİRME TEKNOLOJİLERİ A.Ş.,Konya - Akşehir,https://www.yenibiris.com/is-ilani/satis-temsilcisi-aksehir/1193829,TR,Yenibiris
çevre,Bebekolog/ Satış Danışmanı - Tekirdağ Kapaklı,EBEBEK,Tekirdağ,https://www.yenibiris.com/is-ilani/bebekolog-satis-danismani-tekirdag-kapakli/1202159,TR,Yenibiris
çevre,Eğitim Satış Danışmanı,ABD EĞİTİM,İstanbul Avrupa Yakası - Bakırköy,https://www.yenibiris.com/is-ilani/egitim-satis-danismani/1201697,TR,Yenibiris
çevre,Pelican Mall AVM /Takım Arkadaşları Arıyoruz!,EBEBEK,İstanbul Avrupa Yakası,https://www.yenibiris.com/is-ilani/pelican-mall-avm-takim-arkadaslari-ariyoruz/1192596,TR,Yenibiris
çevre,Temizlik Görevlisi,Dark ve Dark Produksiyon Hizm. Tic. Ltd. Şti.,"İstanbul Avrupa Yakası - Sarıyer, İstanbul Avrupa Yakası - Sarıyer",https://www.yenibiris.com/is-ilani/temizlik-gorevlisi/1201412,TR,Yenibiris
çevre,Boya Ustası,Dark ve Dark Produksiyon Hizm. Tic. Ltd. Şti.,"İstanbul Avrupa Yakası, İstanbul Avrupa Yakası - Sarıyer",https://www.yenibiris.com/is-ilani/boya-ustasi/1200434,TR,Yenibiris
çevre,Çamaşırhane Görevlisi,ÖZEL ERDEM HASTANESİ,İstanbul Anadolu Yakası,https://www.yenibiris.com/is-ilani/camasirhane-gorevlisi/1197638,TR,Yenibiris
çevre,Sekreter,Gürsoy İnşaat Sanayi ve Ticaret Ltd. Şti.,İstanbul Avrupa Yakası - Bahçelievler,https://www.yenibiris.com/is-ilani/sekreter/1199020,TR,Yenibiris
çevre,Site Yöneticisi,Şirket Bilgileri Gizli,İstanbul Avrupa Yakası,https://www.yenibiris.com/is-ilani/site-yoneticisi/1200767,TR,Yenibiris
çevre,Depo Personeli,Frigo Mekanik,"İstanbul Avrupa Yakası, İstanbul Avrupa Yakası - Esenyurt",https://www.yenibiris.com/is-ilani/depo-personeli/976253,TR,Yenibiris
çevre,SAHA SATIŞ TEMSİLCİSİ,Fiberant İletişim Hizmetleri TURKCELL SUPERONLİNE,Antalya - Muratpaşa,https://www.yenibiris.com/is-ilani/saha-satis-temsilcisi/1196523,TR,Yenibiris
çevre,Batıkent Küçük Şeyler Anaokulu Temizlik Görevlisi,KÜÇÜKŞEYLER ANAOKULLARI,Ankara - Yenimahalle,https://www.yenibiris.com/is-ilani/batikent-kucuk-seyler-anaokulu-temizlik-gorevlisi/1152446,TR,Yenibiris
çevre,AKARYAKIT VE OPERASYON MÜDÜRÜ,Mehmet Edip Yüksel Holding,İstanbul Avrupa Yakası,https://www.yenibiris.com/is-ilani/akaryakit-ve-operasyon-muduru/1127369,TR,Yenibiris
çevre,Resepsiyonist,Sheraton İstanbul Ataköy Hotel,İstanbul Avrupa Yakası - Bakırköy,https://www.yenibiris.com/is-ilani/resepsiyonist/1198023,TR,Yenibiris
çevre,İngilizce Bilen Personel Elemanı,Beylikdüzü TAD Preschool,İstanbul Avrupa Yakası - Beylikdüzü,https://www.yenibiris.com/is-ilani/ingilizce-bilen-personel-elemani/1198776,TR,Yenibiris
iklim,Mutfak ekipmanları ve iklimlendirme  teknisyeni,Hilton Ankara,Ankara,https://www.yenibiris.com/is-ilani/mutfak-ekipmanlari-ve-iklimlendirme-teknisyeni/1188863,TR,Yenibiris
iklim,İklimlendirme Teknikeri / Teknisyeni,ÖZEL ERDEM HASTANESİ,İstanbul Anadolu Yakası,https://www.yenibiris.com/is-ilani/iklimlendirme-teknikeri-teknisyeni/1066363,TR,Yenibiris
iklim,Servis Teknikeri,go4Talent Danışmanlık,İzmir,https://www.yenibiris.com/is-ilani/servis-teknikeri/1201831,TR,Yenibiris
iklim,Satış ve Pazarlama Direktörü,UZMAN TEKNİK,Kırklareli - Lüleburgaz,https://www.yenibiris.com/is-ilani/satis-ve-pazarlama-direktoru/1201748,TR,Yenibiris
iklim,Depo  Sorumlusu - GİRESUN,FORTES MÜHENDİSLİK,Giresun,https://www.yenibiris.com/is-ilani/depo-sorumlusu-giresun/1200219,TR,Yenibiris
iklim,İklimlendirme Soğutma Teknikeri,ELVAN GIDA SANAYİ VE TİCARET A.Ş.,İstanbul Avrupa Yakası - Küçükçekmece,https://www.yenibiris.com/is-ilani/iklimlendirme-sogutma-teknikeri/1199875,TR,Yenibiris
üretim,Gıda Üretim Sorumlusu ÇZP,USTALAR PASTA ÜRÜNLERİ GIDA SANAYİ VE TİCARET LİMİTED ŞİRKETİ,İstanbul Avrupa Yakası - Avcılar,https://www.yenibiris.com/is-ilani/gida-uretim-sorumlusu-czp/1202013,TR,Yenibiris
üretim,ÜRETİM ELEMANI,SEMBOL BİLİŞİM VE MATBAACILIK SAN.TİÇ.LTD.ŞTİ.,"İstanbul Anadolu Yakası, İstanbul Anadolu Yakası - Maltepe",https://www.yenibiris.com/is-ilani/uretim-elemani/1200950,TR,Yenibiris
üretim,Endüstriyel Tasarımcı,Babyjem Bebek Ürünleri Sanayi ve Ticaret A.Ş.,İstanbul Avrupa Yakası - Avcılar,https://www.yenibiris.com/is-ilani/endustriyel-tasarimci/1201887,TR,Yenibiris
üretim,Malzeme Dağıtım Elemanı,Etka-d Otomotiv,Bursa - Nilüfer,https://www.yenibiris.com/is-ilani/malzeme-dagitim-elemani/1201504,TR,Yenibiris
üretim,Planlama Uzman Yardımcısı,Babyjem Bebek Ürünleri Sanayi ve Ticaret A.Ş.,"İstanbul Avrupa Yakası, İstanbul Avrupa Yakası - Esenyurt",https://www.yenibiris.com/is-ilani/planlama-uzman-yardimcisi/1200984,TR,Yenibiris
üretim,TEKSTİL ÜRETİM  PLANLAMA ASİSTANI,FELLA TEKSTİL SAN. TİC. LTD. ŞTİ.,İstanbul Avrupa Yakası - Beylikdüzü,https://www.yenibiris.com/is-ilani/tekstil-uretim-planlama-asistani/1178517,TR,Yenibiris
üretim,Yetiştirilmek Üzere Üretim Elemanı,İZ BASKI SANAYİ VE TİCARET A.Ş.,İstanbul Anadolu Yakası - Tuzla,https://www.yenibiris.com/is-ilani/yetistirilmek-uzere-uretim-elemani/1186267,TR,Yenibiris
üretim,Aydınlatma Ürünleri Üretim Elemanı,HÜNDÜR PAZARLAMA AŞ,İstanbul Avrupa Yakası - Arnavutköy,https://www.yenibiris.com/is-ilani/aydinlatma-urunleri-uretim-elemani/1070254,TR,Yenibiris
üretim,SOĞUK ÇEKME ÜRETİM MÜHENDİSİ,METE VASIFLI ÇELİK ANONİM ŞİRKETİ,İstanbul Avrupa Yakası,https://www.yenibiris.com/is-ilani/soguk-cekme-uretim-muhendisi/1039412,TR,Yenibiris
üretim,SICAK ÇEKME ÜRETİM MÜHENDİSİ,METE VASIFLI ÇELİK ANONİM ŞİRKETİ,İstanbul Avrupa Yakası,https://www.yenibiris.com/is-ilani/sicak-cekme-uretim-muhendisi/1169155,TR,Yenibiris
üretim,Üretim İşçisi,BALÇIK ISI ELEMANLARI SAN. VE TİC.AŞ.,Ankara - Kazan,https://www.yenibiris.com/is-ilani/uretim-iscisi/1167741,TR,Yenibiris
üretim,Üretim Elemanı,BKC ZİNCİR VE KONVEYÖR ÜRÜNLERİ MAKİNA YEDEK PARÇA SAN.TİC.LTD.ŞTİ.,İzmir - Bornova,https://www.yenibiris.com/is-ilani/uretim-elemani/1200835,TR,Yenibiris
üretim,Üretim Vardiya Mühendisi,ELVAN GIDA SANAYİ VE TİCARET A.Ş.,Sakarya - Arifiye,https://www.yenibiris.com/is-ilani/uretim-vardiya-muhendisi/1200814,TR,Yenibiris
üretim,Üretim İşçisi,ECE FERMUAR SAN. VE TİC.  A.Ş,"İstanbul Avrupa Yakası - Avcılar, İstanbul Avrupa Yakası",https://www.yenibiris.com/is-ilani/uretim-iscisi/1200805,TR,Yenibiris
endüstriyel,ELEKTRİK CİHAZ PANO MONTAJ  TEKNİSYENİ,Frigoblock Soğutma Sistemleri ve Ticaret Anonim Şirketi,Tekirdağ - Muratlı,https://www.yenibiris.com/is-ilani/elektrik-cihaz-pano-montaj-teknisyeni/1201876,TR,Yenibiris
endüstriyel,Bölge Sorumlusu,PRO-SOL ENDÜSTRİYEL KİMYASALLAR VE DANIŞMANLIK,"İstanbul Avrupa Yakası, İstanbul Anadolu Yakası...",https://www.yenibiris.com/is-ilani/bolge-sorumlusu/1201867,TR,Yenibiris
endüstriyel,TASARIM MÜHENDİSİ /HVAC,Frigoblock Soğutma Sistemleri ve Ticaret Anonim Şirketi,"İstanbul Avrupa Yakası - Esenyurt, Tekirdağ - Muratlı",https://www.yenibiris.com/is-ilani/tasarim-muhendisi-hvac/1135462,TR,Yenibiris
endüstriyel,Teknik Ressam - Arge,Frigoblock Soğutma Sistemleri ve Ticaret Anonim Şirketi,"İstanbul Avrupa Yakası - Esenyurt, Tekirdağ - Muratlı",https://www.yenibiris.com/is-ilani/teknik-ressam-arge/974192,TR,Yenibiris
endüstriyel,Proje Satış Müdürü Yurt Dışı - Hvac,Frigo Mekanik,İstanbul Avrupa Yakası - Esenyurt,https://www.yenibiris.com/is-ilani/proje-satis-muduru-yurt-disi-hvac/1201328,TR,Yenibiris
endüstriyel,Yat İç Dizayn Uzmanı,Lapis Yazılım Mühendislik Medikal ve Destek Hizmetleri Ltd.Şti.,"İstanbul Avrupa Yakası, İstanbul Anadolu Yakası",https://www.yenibiris.com/is-ilani/yat-ic-dizayn-uzmani/1201282,TR,Yenibiris
kimya,Satış Müdürü,PRIME INVEST KİMYA,İstanbul Avrupa Yakası - Şişli,https://www.yenibiris.com/is-ilani/satis-muduru/1201796,TR,Yenibiris
kimya,Kimya Öğretmeni,Şafak Okulları,İstanbul Avrupa Yakası - Bahçelievler,https://www.yenibiris.com/is-ilani/kimya-ogretmeni/427671,TR,Yenibiris
kimya,Kimya Öğretmeni,Limitsiz Akademi Eğitim Hizmetleri Tic. Ltd.Şti,İzmir - Konak,https://www.yenibiris.com/is-ilani/kimya-ogretmeni/1201614,TR,Yenibiris
kimya,Kimyager,Vitamin  Grup,"Bursa, Bursa - Yıldırım",https://www.yenibiris.com/is-ilani/kimyager/1201579,TR,Yenibiris
kimya,Kimya Öğretmeni,ANKARA MAMAK ABİDİNPAŞA BİREY ÖZEL ÖĞRETİM KURSU,"Ankara - Çankaya, Ankara - Çankaya...",https://www.yenibiris.com/is-ilani/kimya-ogretmeni/1200211,TR,Yenibiris
kimya,Kimya Öğretmeni,ANKARA MAMAK ABİDİNPAŞA BİREY ÖZEL ÖĞRETİM KURSU,"Ankara - Çankaya, Ankara - Çankaya...",https://www.yenibiris.com/is-ilani/kimya-ogretmeni/1200213,TR,Yenibiris
kimya,"AMERİKAN KÜLTÜR KOLEJİ, BİRLİKTE ÇALIŞMAK İÇİN DENEYİMLİ  KİMYAGERLER ARIYOR.",AMERİKAN KÜLTÜR KOLEJLERİ,Aydın - Söke,https://www.yenibiris.com/is-ilani/amerikan-kultur-koleji-birlikte-calismak-icin-deneyimli-kimyagerler-ariyor/1199999,TR,Yenibiris
kimya,Kimya Öğretmeni,İngiliz Kültür Derneği Dil Okulları,Karabük,https://www.yenibiris.com/is-ilani/kimya-ogretmeni/1199958,TR,Yenibiris
kimya,Kimya Öğretmeni,UĞUR OKULLARI,"Tekirdağ - Çorlu, Tekirdağ - Çerkezköy...",https://www.yenibiris.com/is-ilani/kimya-ogretmeni/898357,TR,Yenibiris
kimya,Kimya Öğretmeni,AFYON - BİREY KURS,Afyon,https://www.yenibiris.com/is-ilani/kimya-ogretmeni/1176206,TR,Yenibiris
kimya,Kimya Öğretmeni,İSTANBUL BİL EĞİTİM KURUMLARI TİC. A.Ş.,Tekirdağ - Ergene,https://www.yenibiris.com/is-ilani/kimya-ogretmeni/1197413,TR,Yenibiris
malzeme,Takımhane Personeli,Etka-d Otomotiv,Bursa - Nilüfer,https://www.yenibiris.com/is-ilani/takimhane-personeli/1202002,TR,Yenibiris
malzeme,Kat Görevlisi,DENİZLİ SINAV KOLEJİ,Denizli - Merkezefendi,https://www.yenibiris.com/is-ilani/kat-gorevlisi/1198271,TR,Yenibiris
malzeme,Satınalma ve İdari İşler Asistanı,Bisez Grup Tekstil Ticaret A.Ş.,İstanbul Anadolu Yakası - Ümraniye,https://www.yenibiris.com/is-ilani/satinalma-ve-idari-isler-asistani/1201848,TR,Yenibiris
malzeme,Forklift Operatörü,GÖRSEL REKLAM SANAYİ TİCARET A.Ş.,İstanbul Avrupa Yakası - Küçükçekmece,https://www.yenibiris.com/is-ilani/forklift-operatoru/1201444,TR,Yenibiris
malzeme,Depo Elemanı Sağlık Sektörü,AHOSPİTAL SAĞLIK HİZMETLERİ TİCARET LİMİTED ŞİRKETİ,İstanbul Avrupa Yakası - Bahçelievler,https://www.yenibiris.com/is-ilani/depo-elemani-saglik-sektoru/1198823,TR,Yenibiris
malzeme,Genel Alanlar Görevlisi,DEDEMAN HOTELS&RESORTS INTERNATIONAL,"İstanbul Avrupa Yakası - Beşiktaş, İstanbul Avrupa Yakası",https://www.yenibiris.com/is-ilani/genel-alanlar-gorevlisi/1201217,TR,Yenibiris
malzeme,Dekorasyon Teknisyeni,Hilton Adana,Adana - Yüreğir,https://www.yenibiris.com/is-ilani/dekorasyon-teknisyeni/1200874,TR,Yenibiris
malzeme,Temizlik Personeli,THY AO PERSONELİ SOSYAL YARDIMLAŞMA VAKFI,İstanbul Avrupa Yakası - Bakırköy,https://www.yenibiris.com/is-ilani/temizlik-personeli/1200561,TR,Yenibiris
malzeme,Depocu,GOLDEN TULİP BAYRAMPAŞA HOTEL,İstanbul Avrupa Yakası,https://www.yenibiris.com/is-ilani/depocu/1200413,TR,Yenibiris
malzeme,Teknik Servis - Boyacı,DEDEMAN HOTELS&RESORTS INTERNATIONAL,İstanbul Anadolu Yakası - Ataşehir,https://www.yenibiris.com/is-ilani/teknik-servis-boyaci/1200340,TR,Yenibiris
malzeme,Temizlik Görevlisi,YÜZYÜZE EĞITIM A.Ş.,Gaziantep - Şehit Kamil,https://www.yenibiris.com/is-ilani/temizlik-gorevlisi/1200284,TR,Yenibiris
malzeme,Ankara HiltonSA - Steward / Bulaşıkhane Görevlisi,Hilton Ankara,Ankara,https://www.yenibiris.com/is-ilani/ankara-hiltonsa-steward-bulasikhane-gorevlisi/1169696,TR,Yenibiris
biyomedikal,Biyomedikal Cihaz Teknikeri,ÖZEL MEDİNOVA HASTANESİ,Aydın,https://www.yenibiris.com/is-ilani/biyomedikal-cihaz-teknikeri/1019070,TR,Yenibiris
biyomedikal,Elektrik Elektronik Teknisyeni,İstanbul Anadolu Yakası Organize Sanayi Bölgesi,İstanbul Anadolu Yakası - Tuzla,https://www.yenibiris.com/is-ilani/elektrik-elektronik-teknisyeni/1201121,TR,Yenibiris
biyomedikal,Teknik Servis ve Biyomedikal Cihaz Sorumlusu,Şirket Bilgileri Gizli,İstanbul Avrupa Yakası - Beylikdüzü,https://www.yenibiris.com/is-ilani/teknik-servis-ve-biyomedikal-cihaz-sorumlusu/1200187,TR,Yenibiris
inovasyon,Satış Geliştirme Temsilcisi,Navi İnovasyon Teknoloji Ticaret Limited Şirketi,Türkiye,https://www.yenibiris.com/is-ilani/satis-gelistirme-temsilcisi/1201654,TR,Yenibiris
inovasyon,Gaz Açım Personeli - İstanbul/Avrupa,FORTES MÜHENDİSLİK,İstanbul Avrupa Yakası,https://www.yenibiris.com/is-ilani/gaz-acim-personeli-istanbul-avrupa/1200871,TR,Yenibiris
inovasyon,Makine Mühendisi- Balıkesir Edremit,FORTES MÜHENDİSLİK,"Balıkesir - Edremit, Balıkesir - Edremit...",https://www.yenibiris.com/is-ilani/makine-muhendisi-balikesir-edremit/1200584,TR,Yenibiris
inovasyon,Makine Mühendisi- Balıkesir Edremit,FORTES MÜHENDİSLİK,"Balıkesir - Edremit, Balıkesir - Edremit...",https://www.yenibiris.com/is-ilani/makine-muhendisi-balikesir-edremit/1200586,TR,Yenibiris
inovasyon,Makine Mühendisi-GİRESUN,FORTES MÜHENDİSLİK,Giresun,https://www.yenibiris.com/is-ilani/makine-muhendisi-giresun/1200517,TR,Yenibiris
ürün yöneticisi,Demi Chef,MÖVENPICK HOTEL İSTANBUL GOLDEN HORN,İstanbul Avrupa Yakası,https://www.yenibiris.com/is-ilani/demi-chef/1145925,TR,Yenibiris
ürün yöneticisi,Eğitim Satış Danışmanı,İngiliz Kültür Dil Kursları,İstanbul Avrupa Yakası - Beylikdüzü,https://www.yenibiris.com/is-ilani/egitim-satis-danismani/1088215,TR,Yenibiris
ürün yöneticisi,Satış Yöneticisi,SEVAL GIDA SAN. VE TİC. A.Ş.,İstanbul Avrupa Yakası - Sultangazi,https://www.yenibiris.com/is-ilani/satis-yoneticisi/1201947,TR,Yenibiris
ürün yöneticisi,Kantin Görevlisi,BRY BİREY EĞİTİM YAYIN BASIM PAZARLAMA SAN. VE TİC. A.Ş.,Bursa - Yıldırım,https://www.yenibiris.com/is-ilani/kantin-gorevlisi/1201862,TR,Yenibiris
ürün yöneticisi,Aşçıbaşı,Şirket Bilgileri Gizli,İstanbul Avrupa Yakası,https://www.yenibiris.com/is-ilani/ascibasi/826628,TR,Yenibiris
ürün yöneticisi,Müşteri Yöneticisi,Turkcell A Grup Telekom Kurumsal Çözüm Merkezi,İstanbul Avrupa Yakası - Esenler,https://www.yenibiris.com/is-ilani/musteri-yoneticisi/1193251,TR,Yenibiris
ürün yöneticisi,E-Ticaret Yöneticisi,İDEAL A.Ş,İstanbul Anadolu Yakası,https://www.yenibiris.com/is-ilani/e-ticaret-yoneticisi/1201126,TR,Yenibiris
ürün yöneticisi,Ekmek Ustası,GOLDEN TULİP BAYRAMPAŞA HOTEL,İstanbul Avrupa Yakası,https://www.yenibiris.com/is-ilani/ekmek-ustasi/1200427,TR,Yenibiris
ürün yöneticisi,Market Yönetici Adayı,Şura Marketçilik Gıda San. Ve Tic. Ltd. Şti.,Bursa - Nilüfer,https://www.yenibiris.com/is-ilani/market-yonetici-adayi/1134243,TR,Yenibiris
ürün yöneticisi,Kurumsal İletişim ve Pazarlama Yöneticisi,Final Yayınları,İstanbul Avrupa Yakası - Şişli,https://www.yenibiris.com/is-ilani/kurumsal-iletisim-ve-pazarlama-yoneticisi/1200045,TR,Yenibiris
ürün yöneticisi,Eğitim Satış Danışmanı,İngiliz Kültür Dil Kursları,İstanbul Avrupa Yakası - Beylikdüzü,https://www.yenibiris.com/is-ilani/egitim-satis-danismani/795182,TR,Yenibiris
ürün yöneticisi,Depo ve Stok Sorumlusu,AÇI EĞİTİM KURUMLARI,İstanbul Avrupa Yakası - Gaziosmanpaşa,https://www.yenibiris.com/is-ilani/depo-ve-stok-sorumlusu/1199842,TR,Yenibiris
ürün yöneticisi,Ofis Asistanı,ENGELLİHEDEF DİRECT İLETİŞİM ÇÖZÜMLERİ PAZARLAMA VE DAN. HİZM. LTD.ŞTİ.,"İstanbul Avrupa Yakası - Şişli, İstanbul Avrupa Yakası - Şişli",https://www.yenibiris.com/is-ilani/ofis-asistani/1199586,TR,Yenibiris
ürün yöneticisi,Ofis Asistanı,HEDEF DİRECT İLETİŞİM ÇÖZÜMLERİ PAZARLAMA VE DAN. HİZM. LTD.ŞTİ.,"İstanbul Avrupa Yakası - Şişli, İstanbul Avrupa Yakası - Şişli",https://www.yenibiris.com/is-ilani/ofis-asistani/1199584,TR,Yenibiris
ürün yöneticisi,Sevkiyat  Personeli,BAĞDAT PAZARLAMA TİC.LTD.ŞTİ.,İzmir,https://www.yenibiris.com/is-ilani/sevkiyat-personeli/1199484,TR,Yenibiris
proje yöneticisi,Satış Yöneticisi,HASANOĞLU MÜH. İNŞ. TAAH. SAN. TİC. A.Ş.,İstanbul Anadolu Yakası,https://www.yenibiris.com/is-ilani/satis-yoneticisi/1201932,TR,Yenibiris
proje yöneticisi,Proje Müdürü,AHK INTERNATIONAL FZCO,,https://www.yenibiris.com/is-ilani/proje-muduru/1201918,TR,Yenibiris
proje yöneticisi,Grafik Tasarım ve Sosyal Medya Hesap Yöneticisi,Rasyonel Şirketler Gurubu,"İstanbul Avrupa Yakası - Bahçelievler, İstanbul Avrupa Yakası - Bahçelievler",https://www.yenibiris.com/is-ilani/grafik-tasarim-ve-sosyal-medya-hesap-yoneticisi/1201636,TR,Yenibiris
proje yöneticisi,Saha Mühendisi,OTTO312 TASARIM DANIŞMANLIK İNŞ.TİC.LTD.ŞTİ.,Ankara - Çankaya,https://www.yenibiris.com/is-ilani/saha-muhendisi/1201515,TR,Yenibiris
proje yöneticisi,Almanca Bilen Çağrı Merkezi Takım Lideri,EVOLVENEXT GLOBAL İNSAN KAYNAKLARI ÇAĞRI MERKEZİ VE YAZILIM,Türkiye,https://www.yenibiris.com/is-ilani/almanca-bilen-cagri-merkezi-takim-lideri/1201131,TR,Yenibiris
proje yöneticisi,İZMİR KARŞIYAKA SINAV KOLEJİ  İÇİN MÜDÜR YARDIMCISI,Sınav Koleji,İzmir - Çiğli,https://www.yenibiris.com/is-ilani/izmir-karsiyaka-sinav-koleji-icin-mudur-yardimcisi/1200898,TR,Yenibiris
proje yöneticisi,Okul Müdürü,MEKTEBİM OKULLARI,İzmir - Gaziemir,https://www.yenibiris.com/is-ilani/okul-muduru/1200732,TR,Yenibiris
proje yöneticisi,Sistem Yöneticisi,NEW TR HABER AJANSI TİCARET ANONİM ŞİRKETİ,"İstanbul Avrupa Yakası - Bağcılar, İstanbul Avrupa Yakası",https://www.yenibiris.com/is-ilani/sistem-yoneticisi/1200698,TR,Yenibiris
proje yöneticisi,Bütçe Planlama ve Raporlama Yöneticisi,YÜZYÜZE EĞITIM A.Ş.,İstanbul Avrupa Yakası - Küçükçekmece,https://www.yenibiris.com/is-ilani/butce-planlama-ve-raporlama-yoneticisi/1200524,TR,Yenibiris
proje yöneticisi,Okul Müdürü,MEKTEBİM OKULLARI,Karaman,https://www.yenibiris.com/is-ilani/okul-muduru/1200201,TR,Yenibiris
proje yöneticisi,Satınalma Sorumlusu,Şirket Bilgileri Gizli,İstanbul Avrupa Yakası - Beylikdüzü,https://www.yenibiris.com/is-ilani/satinalma-sorumlusu/900434,TR,Yenibiris
mühendis,Harita Mühendisi,Koltek Müşavirlik A.Ş.,Balıkesir,https://www.yenibiris.com/is-ilani/harita-muhendisi/1198887,TR,Yenibiris
mühendis,Makine Mühendisi,Koltek Müşavirlik A.Ş.,Balıkesir,https://www.yenibiris.com/is-ilani/makine-muhendisi/1198885,TR,Yenibiris
mühendis,Gıda Mühendisi,KEY KOLEJİ BAĞCILAR,İstanbul Avrupa Yakası - Bağcılar,https://www.yenibiris.com/is-ilani/gida-muhendisi/1198868,TR,Yenibiris
mühendis,Elektrik Mühendisi,Koltek Müşavirlik A.Ş.,Balıkesir,https://www.yenibiris.com/is-ilani/elektrik-muhendisi/1198884,TR,Yenibiris
mühendis,Kontrol Mühendisi,Koltek Müşavirlik A.Ş.,Yalova,https://www.yenibiris.com/is-ilani/kontrol-muhendisi/1198871,TR,Yenibiris
mühendis,Scada Mühendisi,ASLAN YAPI VE TİCARET A.Ş.,Ankara - Bala,https://www.yenibiris.com/is-ilani/scada-muhendisi/1198039,TR,Yenibiris
mühendis,Gece Gıda Mühendisi,MIS YEMEK SAN VE TİC. LTD STI,İstanbul Avrupa Yakası,https://www.yenibiris.com/is-ilani/gece-gida-muhendisi/1043360,TR,Yenibiris
mühendis,Makine Mühendisi,Happy İnsan Kaynakları,"İstanbul Avrupa Yakası, İstanbul Anadolu Yakası...",https://www.yenibiris.com/is-ilani/makine-muhendisi/938896,TR,Yenibiris
mühendis,ArGe Mühendisi,İstanbul Anadolu Yakası Organize Sanayi Bölgesi,İstanbul Anadolu Yakası - Tuzla,https://www.yenibiris.com/is-ilani/arge-muhendisi/1201981,TR,Yenibiris
mühendis,Satış Mühendisi,GENERAL FİLTER HAVAK FİLTRE SAN. VE TİC.AŞ.,"İstanbul Avrupa Yakası - Arnavutköy, İstanbul Avrupa Yakası",https://www.yenibiris.com/is-ilani/satis-muhendisi/1201875,TR,Yenibiris
mühendis,Makine Mühendisi,CONSERA YAPI,"İstanbul Avrupa Yakası - Kağıthane, Tekirdağ - Çerkezköy",https://www.yenibiris.com/is-ilani/makine-muhendisi/1201840,TR,Yenibiris
mühendis,İnşaat Mühendisi,ASMAR HOLDİNG A.Ş.,İstanbul Avrupa Yakası,https://www.yenibiris.com/is-ilani/insaat-muhendisi/1201718,TR,Yenibiris
mühendis,İnşaat Mühendisi,RETROSER ISI TEKNOLOJİLERİ A.Ş,Ankara,https://www.yenibiris.com/is-ilani/insaat-muhendisi/1201547,TR,Yenibiris
mühendis,İnşaat Mühendisi,EMRE RAY ENERJİ İNŞAAT SAN VE TİC.A.Ş.,"İstanbul Avrupa Yakası, İstanbul Anadolu Yakası",https://www.yenibiris.com/is-ilani/insaat-muhendisi/1201242,TR,Yenibiris
mühendis,Kalite Mühendisi,ZİRVE GRUP ALTYAPI İNŞAAT SAN TİC.A.Ş.,Adana,https://www.yenibiris.com/is-ilani/kalite-muhendisi/1200979,TR,Yenibiris
mühendis,Gıda Mühendisi,Şirket Bilgileri Gizli,İstanbul Anadolu Yakası,https://www.yenibiris.com/is-ilani/gida-muhendisi/1200885,TR,Yenibiris
mühendis,Proje Mühendisi,GÜRAL ELEKTRİK MALZEMELERİ TİCARET VE SANAYİ ANONİM ŞİRKETİ,"İstanbul Avrupa Yakası - Arnavutköy, İstanbul Avrupa Yakası...",https://www.yenibiris.com/is-ilani/proje-muhendisi/1196881,TR,Yenibiris
mühendis,Makine Mühendisi,ASMAR HOLDİNG A.Ş.,İstanbul Avrupa Yakası,https://www.yenibiris.com/is-ilani/makine-muhendisi/1199895,TR,Yenibiris
mühendis,Gıda Mühendisi,YILDIZ GIDA YAPI AS,"İstanbul Anadolu Yakası - Ümraniye, İstanbul Anadolu Yakası",https://www.yenibiris.com/is-ilani/gida-muhendisi/1199788,TR,Yenibiris
mühendis,Elektrik Mühendisi,EKİNCİLER VE ORTAKLARI İNŞ. VE TİC. A.Ş,"İstanbul Avrupa Yakası, İstanbul Anadolu Yakası",https://www.yenibiris.com/is-ilani/elektrik-muhendisi/1199374,TR,Yenibiris
mühendis,Kontrol Mühendisi,Koltek Müşavirlik A.Ş.,Balıkesir,https://www.yenibiris.com/is-ilani/kontrol-muhendisi/1198873,TR,Yenibiris
mühendis,Kimya Mühendisi,Tanrıverdi A.Ş.,Tekirdağ - Çorlu,https://www.yenibiris.com/is-ilani/kimya-muhendisi/1190269,TR,Yenibiris
mühendis,Kontrol Mühendisi,Koltek Müşavirlik A.Ş.,Sakarya,https://www.yenibiris.com/is-ilani/kontrol-muhendisi/1198869,TR,Yenibiris
mühendis,Kontrol Mühendisi,Koltek Müşavirlik A.Ş.,Bursa,https://www.yenibiris.com/is-ilani/kontrol-muhendisi/1198867,TR,Yenibiris
mühendis,Üretim Mühendisi,Biltur Catering ve Gıda A.Ş.,İstanbul Anadolu Yakası,https://www.yenibiris.com/is-ilani/uretim-muhendisi/1172969,TR,Yenibiris
mühendis,İNŞAAT MÜHENDİSİ,Koltek Müşavirlik A.Ş.,Muğla - Dalaman,https://www.yenibiris.com/is-ilani/insaat-muhendisi/1188420,TR,Yenibiris
mühendis,Elektrik Mühendisi,Frigo Mekanik,İstanbul Avrupa Yakası,https://www.yenibiris.com/is-ilani/elektrik-muhendisi/1008307,TR,Yenibiris
mühendis,Elektrik Mühendisi,Happy İnsan Kaynakları,"İstanbul Avrupa Yakası, İstanbul Anadolu Yakası...",https://www.yenibiris.com/is-ilani/elektrik-muhendisi/1058456,TR,Yenibiris
mühendis,Satış Mühendisi,Happy İnsan Kaynakları,"İstanbul Avrupa Yakası, İstanbul Anadolu Yakası...",https://www.yenibiris.com/is-ilani/satis-muhendisi/1058041,TR,Yenibiris
mühendis,Projeci Harita Mühendisi,Şirket Bilgileri Gizli,İstanbul Anadolu Yakası,https://www.yenibiris.com/is-ilani/projeci-harita-muhendisi/1201917,TR,Yenibiris
mühendis,Projeci İnşaat Mühendisi,Şirket Bilgileri Gizli,İstanbul Anadolu Yakası,https://www.yenibiris.com/is-ilani/projeci-insaat-muhendisi/1201916,TR,Yenibiris
mühendis,Makine Mühendisi,RETROSER ISI TEKNOLOJİLERİ A.Ş,Kırıkkale,https://www.yenibiris.com/is-ilani/makine-muhendisi/1201557,TR,Yenibiris
mühendis,Teknik Ofis Mühendisi,INSTEEL ÇELIK VE PREFABRIK YAPILAR AŞ.,Kocaeli - Dilovası,https://www.yenibiris.com/is-ilani/teknik-ofis-muhendisi/1201486,TR,Yenibiris
mühendis,Satış Mühendisi,SARBUZ ISI TRANSFER CİHAZLARI SAN.TİC.AŞ.,İstanbul Avrupa Yakası,https://www.yenibiris.com/is-ilani/satis-muhendisi/1201433,TR,Yenibiris
mühendis,Elektrik Elektronik Mühendisi,İSTANBUL DERİ ORGANİZE SANAYİ BÖLGESİ,İstanbul Anadolu Yakası,https://www.yenibiris.com/is-ilani/elektrik-elektronik-muhendisi/1201095,TR,Yenibiris
mühendis,Saha Elektrik  Mühendisi,Akesis Elektrik Elektronik Mek. İnş. Tic. Ltd. Şti.,Ankara - Çankaya,https://www.yenibiris.com/is-ilani/saha-elektrik-muhendisi/1200864,TR,Yenibiris
mühendis,Metod Mühendisi,ASSAN ELEKTRONİK İMALAT SAN. PAZ. ve TİC. A.Ş.,İstanbul Anadolu Yakası - Ümraniye,https://www.yenibiris.com/is-ilani/metod-muhendisi/1200589,TR,Yenibiris
mühendis,Proje Mühendisi,Simeks Tıbbi Sistemler San. ve Tic. A.Ş.,İstanbul Avrupa Yakası - Beşiktaş,https://www.yenibiris.com/is-ilani/proje-muhendisi/1199919,TR,Yenibiris
mühendis,Elektrik Bakım Mühendisi,ALPA DANIŞMANLIK İNSAN KAYNAKLARI ÖZEL İSTİHDAM ARACILIK HİZ.LTD.ŞTİ.,"İstanbul Anadolu Yakası, Kocaeli - Gebze",https://www.yenibiris.com/is-ilani/elektrik-bakim-muhendisi/1199867,TR,Yenibiris
mühendis,Makine Bakım Mühendisi,ATEŞOĞLU SÜT SAN.VE TİC.LTD.ŞTİ.,İstanbul Avrupa Yakası - Esenyurt,https://www.yenibiris.com/is-ilani/makine-bakim-muhendisi/1199702,TR,Yenibiris
mühendis,Ziraat Mühendisi,Şirket Bilgileri Gizli,Balıkesir,https://www.yenibiris.com/is-ilani/ziraat-muhendisi/1199698,TR,Yenibiris
mühendis,Gıda Mühendisi,SÖKE AMERİKAN KÜLTÜR KOLEJİ,Aydın - Söke,https://www.yenibiris.com/is-ilani/gida-muhendisi/1199593,TR,Yenibiris
mühendis,Elektrik Bakım Mühendisi,ALPA DANIŞMANLIK İNSAN KAYNAKLARI ÖZEL İSTİHDAM ARACILIK HİZ.LTD.ŞTİ.,Kocaeli - Gebze,https://www.yenibiris.com/is-ilani/elektrik-bakim-muhendisi/986687,TR,Yenibiris
mühendis,Makine Mühendisi,Koltek Müşavirlik A.Ş.,"İstanbul Avrupa Yakası, İstanbul Anadolu Yakası",https://www.yenibiris.com/is-ilani/makine-muhendisi/1191432,TR,Yenibiris
mühendis,Elektrik Mühendisi,Koltek Müşavirlik A.Ş.,"İstanbul Avrupa Yakası, İstanbul Anadolu Yakası",https://www.yenibiris.com/is-ilani/elektrik-muhendisi/1198821,TR,Yenibiris
mühendis,Elektrik Elektronik Mühendisi,ELVAN GIDA SANAYİ VE TİCARET A.Ş.,Sakarya - Arifiye,https://www.yenibiris.com/is-ilani/elektrik-elektronik-muhendisi/1198228,TR,Yenibiris
mühendis,Elektrik Elektronik Mühendisi,ASLAN YAPI VE TİCARET A.Ş.,Ankara - Bala,https://www.yenibiris.com/is-ilani/elektrik-elektronik-muhendisi/1197245,TR,Yenibiris
mühendis,ÜRÜN TEKLİF MÜHENDİSİ,Frigoblock Soğutma Sistemleri ve Ticaret Anonim Şirketi,İstanbul Avrupa Yakası - Esenyurt,https://www.yenibiris.com/is-ilani/urun-teklif-muhendisi/1038127,TR,Yenibiris
mühendis,Şantiye/ Saha Mühendisi,Frigo Mekanik,İstanbul Avrupa Yakası - Esenyurt,https://www.yenibiris.com/is-ilani/santiye-saha-muhendisi/1123894,TR,Yenibiris
mühendis,Kalite Güvence- Mühendisi,Frigoblock Soğutma Sistemleri ve Ticaret Anonim Şirketi,Tekirdağ - Muratlı,https://www.yenibiris.com/is-ilani/kalite-guvence-muhendisi/1183974,TR,Yenibiris
mühendis,Satış Mühendisi - Hvac,Frigoblock Soğutma Sistemleri ve Ticaret Anonim Şirketi,İstanbul Avrupa Yakası - Esenyurt,https://www.yenibiris.com/is-ilani/satis-muhendisi-hvac/1201326,TR,Yenibiris
mühendis,İngilizce Bilen Müşteri Temsilcisi,MÜHENDİSLER TEKSTİL VE İNŞ. SAN.TİC. LTD. ŞTİ.,İstanbul Avrupa Yakası - Bayrampaşa,https://www.yenibiris.com/is-ilani/ingilizce-bilen-musteri-temsilcisi/1201070,TR,Yenibiris
mühendis,Teknik Satış Mühendisi,ANADOLU KESİCİ TAKIMLAR VE SİSTEMLER SAN. VE TİC. LTD. ŞTİ.,Konya - Karatay,https://www.yenibiris.com/is-ilani/teknik-satis-muhendisi/1199328,TR,Yenibiris
mühendis,Om Mimarlık Ekip Arkadaşı Olarak İnşaat Mühendisi Arıyor.,OM MİMARLIK A.Ş.,İstanbul Avrupa Yakası,https://www.yenibiris.com/is-ilani/om-mimarlik-ekip-arkadasi-olarak-insaat-muhendisi-ariyor/1187897,TR,Yenibiris
mühendis,Mekanik Tesisat Tasarım Mühendisi,ARKATUN MÜHENDİSLİK PROJE DANIŞMANLIK İNŞAAT SANAYİ TİCARET LİMİTED ŞİRKETİ,Ankara,https://www.yenibiris.com/is-ilani/mekanik-tesisat-tasarim-muhendisi/1201010,TR,Yenibiris
mühendis,Elektrik / Elektronik Mühendisi PLC & Otomasyon,BERG ELEKTRIK CIHAZLARI SANAYI VE TICARET A.Ş.,İstanbul Avrupa Yakası,https://www.yenibiris.com/is-ilani/elektrik-elektronik-muhendisi-plc-otomasyon/1199976,TR,Yenibiris
mühendis,Kurtköy Uğur Okulları Kampüsü-Gıda Mühendisi,UĞUR OKULLARI,"İstanbul Anadolu Yakası - Pendik, İstanbul Anadolu Yakası - Pendik...",https://www.yenibiris.com/is-ilani/kurtkoy-ugur-okullari-kampusu-gida-muhendisi/1196641,TR,Yenibiris
mühendis,Teknik Ofis Mühendisi,Mimmar Gayrimenkul Geliştirme ve İnşaat A.Ş.,,https://www.yenibiris.com/is-ilani/teknik-ofis-muhendisi/1193729,TR,Yenibiris
mühendis,ÜNYE BAHÇEŞEHİR KOLEJİ-GIDA MÜHENDİSİ,Bahçeşehir Koleji,Ordu - Ünye,https://www.yenibiris.com/is-ilani/unye-bahcesehir-koleji-gida-muhendisi/1192029,TR,Yenibiris
mühendis,FATSA BAHÇEŞEHİR KOLEJİ-GIDA MÜHENDİSİ,Bahçeşehir Koleji,Ordu - Fatsa,https://www.yenibiris.com/is-ilani/fatsa-bahcesehir-koleji-gida-muhendisi/1192027,TR,Yenibiris
mühendis,FATSA  Bahcesehir Koleji - Beslenme Uzmani Diyetisyen/Gida Muhendisi/Gida Teknikeri,Bahçeşehir Uğur Eğitim Kurumları /Bahçeşehir Üniversitesi,Ordu - Fatsa,https://www.yenibiris.com/is-ilani/fatsa-bahcesehir-koleji-beslenme-uzmani-diyetisyen-gida-muhendisi-gida-teknike/1188102,TR,Yenibiris
mühendis,FATSA BAHÇEŞEHİR KOLEJİ-BESLENME UZMANI DİYETİSYEN/GIDA MÜHENDİSİ/GIDA TEKNİKERİ,Bahçeşehir Koleji,Ordu - Fatsa,https://www.yenibiris.com/is-ilani/fatsa-bahcesehir-koleji-beslenme-uzmani-diyetisyen-gida-muhendisi-gida-teknikeri/1188104,TR,Yenibiris
mühendis,PLANLAMA YÖNETİCİSİ- ENDÜSTRİ MÜHENDİSİ,Frigoblock Soğutma Sistemleri ve Ticaret Anonim Şirketi,Tekirdağ - Muratlı,https://www.yenibiris.com/is-ilani/planlama-yoneticisi-endustri-muhendisi/1069799,TR,Yenibiris
mühendis,Proje-Teklif Hazırlama Mühendisi,Frigo Mekanik,İstanbul Avrupa Yakası - Esenyurt,https://www.yenibiris.com/is-ilani/proje-teklif-hazirlama-muhendisi/937835,TR,Yenibiris
mühendis,A101 Çumra Bölgesi İçin İnşaat Teknikeri Arıyor,A101 Yeni Mağazacılık A.Ş,Konya - Çumra,https://www.yenibiris.com/is-ilani/a101-cumra-bolgesi-icin-insaat-teknikeri-ariyor/1201843,TR,Yenibiris
mühendis,Organizasyon Sorumlusu - EDREMİT,FORTES MÜHENDİSLİK,"Balıkesir - Edremit, Balıkesir - Edremit...",https://www.yenibiris.com/is-ilani/organizasyon-sorumlusu-edremit/1200587,TR,Yenibiris
mühendis,DEPO SORUMLUSU - BURSA,FORTES MÜHENDİSLİK,Bursa,https://www.yenibiris.com/is-ilani/depo-sorumlusu-bursa/1200582,TR,Yenibiris
mühendis,Organizasyon Sorumlusu - Giresun,FORTES MÜHENDİSLİK,Giresun,https://www.yenibiris.com/is-ilani/organizasyon-sorumlusu-giresun/1200218,TR,Yenibiris
mühendis,Mekanik Teknisyeni,HILTON TÜRKİYE,İstanbul Avrupa Yakası - Şişli,https://www.yenibiris.com/is-ilani/mekanik-teknisyeni/1187624,TR,Yenibiris
mühendis,Şantiye Şefi,Şirket Bilgileri Gizli,İstanbul Anadolu Yakası,https://www.yenibiris.com/is-ilani/santiye-sefi/1199921,TR,Yenibiris
mühendis,Muhasebe - Finans Elemanı - Konya,FORTES MÜHENDİSLİK,"Konya, Konya - Merkez",https://www.yenibiris.com/is-ilani/muhasebe-finans-elemani-konya/1199869,TR,Yenibiris
mühendis,Doğalgaz Teknisyeni -Giresun,FORTES MÜHENDİSLİK,Giresun,https://www.yenibiris.com/is-ilani/dogalgaz-teknisyeni-giresun/1199667,TR,Yenibiris
mühendis,Doğalgaz Teknisyeni -Giresun,FORTES MÜHENDİSLİK,Giresun,https://www.yenibiris.com/is-ilani/dogalgaz-teknisyeni-giresun/1199669,TR,Yenibiris
mühendis,Muhasebe - Finans Elemanı - LÜLEBURGAZ,FORTES MÜHENDİSLİK,Kırklareli - Lüleburgaz,https://www.yenibiris.com/is-ilani/muhasebe-finans-elemani-luleburgaz/1199264,TR,Yenibiris
mühendis,TAHSİLAT SORUMLUSU - MANİSA AKHİSAR,FORTES MÜHENDİSLİK,Manisa - Akhisar,https://www.yenibiris.com/is-ilani/tahsilat-sorumlusu-manisa-akhisar/1199263,TR,Yenibiris
mühendis,Muhasebe Uzman Yardımcısı,CONSERA YAPI,Tekirdağ - Çerkezköy,https://www.yenibiris.com/is-ilani/muhasebe-uzman-yardimcisi/1202120,TR,Yenibiris
mühendis,İnsan Kaynakları Asistanı,ALPA DANIŞMANLIK İNSAN KAYNAKLARI ÖZEL İSTİHDAM ARACILIK HİZ.LTD.ŞTİ.,"İstanbul Avrupa Yakası, İstanbul Anadolu Yakası",https://www.yenibiris.com/is-ilani/insan-kaynaklari-asistani/1192683,TR,Yenibiris
mühendis,CNC Operatörü,ATEŞÇİ MEDİKAL MÜHENDİSLİK MAKİNA LTD. ŞTİ,"Ankara, Ankara - Yenimahalle",https://www.yenibiris.com/is-ilani/cnc-operatoru/1202052,TR,Yenibiris
mühendis,Satış Müdürü Asistanı,A101 Yeni Mağazacılık A.Ş,İzmir,https://www.yenibiris.com/is-ilani/satis-muduru-asistani/1201869,TR,Yenibiris
mühendis,Kıdemli Teknik Ofis Mimarı,DETAY YAPI MÜHENDİSLİK MİMARLIK SANAYİ VE TİCARET ANONİM ŞİRKETİ,İstanbul Avrupa Yakası - Bahçelievler,https://www.yenibiris.com/is-ilani/kidemli-teknik-ofis-mimari/1201788,TR,Yenibiris
mühendis,Peyzaj Mimarı,TEKNO TASARIM VE YAPI TEKNiK A.Ş.,İstanbul Anadolu Yakası,https://www.yenibiris.com/is-ilani/peyzaj-mimari/841830,TR,Yenibiris
mühendis,Kaynakçı- Tersane,Lapis Yazılım Mühendislik Medikal ve Destek Hizmetleri Ltd.Şti.,İstanbul Anadolu Yakası,https://www.yenibiris.com/is-ilani/kaynakci-tersane/1191006,TR,Yenibiris
mühendis,MEP BIM Modeler / Revit Modelleme Uzmanı,ARKATUN MÜHENDİSLİK PROJE DANIŞMANLIK İNŞAAT SANAYİ TİCARET LİMİTED ŞİRKETİ,Ankara,https://www.yenibiris.com/is-ilani/mep-bim-modeler-revit-modelleme-uzmani/1201007,TR,Yenibiris
mühendis,Doğal Gaz Tesisat Teknisyeni-   İstanbul/Sultanbeyli,ÜÇAY MÜHENDİSLİK ENERJİ VE İKLİMLENDİRME TEKNOLOJİLERİ A.Ş.,İstanbul Anadolu Yakası - Sultanbeyli,https://www.yenibiris.com/is-ilani/dogal-gaz-tesisat-teknisyeni-istanbul-sultanbeyli/1199482,TR,Yenibiris
mühendis,DOĞAL GAZ TESİSAT TEKNİSYENİ-  Milas,ÜÇAY MÜHENDİSLİK ENERJİ VE İKLİMLENDİRME TEKNOLOJİLERİ A.Ş.,Muğla - Milas,https://www.yenibiris.com/is-ilani/dogal-gaz-tesisat-teknisyeni-milas/1198638,TR,Yenibiris
mühendis,Mühendis-İdari İşler Müdürü,BEŞTEPE KOLEJİ,Ankara,https://www.yenibiris.com/is-ilani/muhendis-idari-isler-muduru/1198633,TR,Yenibiris
mühendis,Şantiye İdari İşler,CONSERA YAPI,İstanbul Avrupa Yakası - Sarıyer,https://www.yenibiris.com/is-ilani/santiye-idari-isler/1194695,TR,Yenibiris
mühendis,İhracat Bölge Satış Yöneticisi,ALPA DANIŞMANLIK İNSAN KAYNAKLARI ÖZEL İSTİHDAM ARACILIK HİZ.LTD.ŞTİ.,"İstanbul Avrupa Yakası, İstanbul Anadolu Yakası...",https://www.yenibiris.com/is-ilani/ihracat-bolge-satis-yoneticisi/740431,TR,Yenibiris
mühendis,ÜNYE BAHÇEŞEHİR KOLEJİ-GIDA TEKNİKERİ,Bahçeşehir Koleji,Ordu - Ünye,https://www.yenibiris.com/is-ilani/unye-bahcesehir-koleji-gida-teknikeri/1192028,TR,Yenibiris
mühendis,ÜNYE BAHÇEŞEHİR KOLEJİ-BESLENME UZMANI / DİYETİSYEN,Bahçeşehir Koleji,Ordu - Ünye,https://www.yenibiris.com/is-ilani/unye-bahcesehir-koleji-beslenme-uzmani-diyetisyen/1192025,TR,Yenibiris
mühendis,FATSA BAHÇEŞEHİR KOLEJİ-GIDA TEKNİKERİ,Bahçeşehir Koleji,Ordu - Fatsa,https://www.yenibiris.com/is-ilani/fatsa-bahcesehir-koleji-gida-teknikeri/1192026,TR,Yenibiris
mühendis,FATSA BAHÇEŞEHİR KOLEJİ-BESLENME UZMANI / DİYETİSYEN,Bahçeşehir Koleji,Ordu - Fatsa,https://www.yenibiris.com/is-ilani/fatsa-bahcesehir-koleji-beslenme-uzmani-diyetisyen/1192024,TR,Yenibiris
mühendis,ŞANTİYE ŞEFİ,5M İNŞAAT TEKSTİL İTHALAT İHRACAT SAN.TİC.LTD.ŞTİ.,"İstanbul Avrupa Yakası, İstanbul Anadolu Yakası",https://www.yenibiris.com/is-ilani/santiye-sefi/1055668,TR,Yenibiris
mühendis,Diyetisyen,DEDEMAN HOTELS&RESORTS INTERNATIONAL,Erzurum - Palandöken,https://www.yenibiris.com/is-ilani/diyetisyen/1172857,TR,Yenibiris
mühendis,Proje Müdürü,Karmall Gayrimenkul Yatırım AŞ.,İstanbul Anadolu Yakası,https://www.yenibiris.com/is-ilani/proje-muduru/1201567,TR,Yenibiris
mühendis,Proje - Ruhsat İş Takibi,osmanoğlu mimarlık,İstanbul Anadolu Yakası,https://www.yenibiris.com/is-ilani/proje-ruhsat-is-takibi/1201174,TR,Yenibiris
mühendis,Foto Finish Operatörü,Şirket Bilgileri Gizli,İstanbul Avrupa Yakası,https://www.yenibiris.com/is-ilani/foto-finish-operatoru/1201119,TR,Yenibiris
mühendis,Kontrol Amiri,Koltek Müşavirlik A.Ş.,K.Maraş,https://www.yenibiris.com/is-ilani/kontrol-amiri/1200446,TR,Yenibiris
mühendis,Teknik Servis Müdürü,Şirket Bilgileri Gizli,Bursa,https://www.yenibiris.com/is-ilani/teknik-servis-muduru/1072205,TR,Yenibiris
mühendis,LGS- Matematik Öğretmeni,Çakmak Final Özel Öğretim Kurs Merkezi,İstanbul Anadolu Yakası - Ümraniye,https://www.yenibiris.com/is-ilani/lgs-matematik-ogretmeni/1200160,TR,Yenibiris
mühendis,Fizik Öğretmeni,İngiliz Kültür Derneği Dil Okulları,Karabük,https://www.yenibiris.com/is-ilani/fizik-ogretmeni/1199954,TR,Yenibiris
mühendis,Bilgi İşlem Uzman Yardımcısı,AHOSPİTAL SAĞLIK HİZMETLERİ TİCARET LİMİTED ŞİRKETİ,İstanbul Avrupa Yakası - Bahçelievler,https://www.yenibiris.com/is-ilani/bilgi-islem-uzman-yardimcisi/1199124,TR,Yenibiris
mühendis,Teknik Müdür,GALERİ KRİSTAL,"Antalya - Kemer, Antalya - Muratpaşa...",https://www.yenibiris.com/is-ilani/teknik-mudur/1199802,TR,Yenibiris
mühendis,LGS- Matematik Öğretmeni,AÇI EĞİTİM KURUMLARI,"İstanbul Avrupa Yakası - Bayrampaşa, İstanbul Avrupa Yakası - Gaziosmanpaşa",https://www.yenibiris.com/is-ilani/lgs-matematik-ogretmeni/1199660,TR,Yenibiris
mühendis,Arge Analitik Uzmanı/Uzman Yardımcısı,Argis ilaç,Ankara,https://www.yenibiris.com/is-ilani/arge-analitik-uzmani-uzman-yardimcisi/923621,TR,Yenibiris
mühendis,Proje Sorumlusu,Biltur Catering ve Gıda A.Ş.,İzmir,https://www.yenibiris.com/is-ilani/proje-sorumlusu/1197157,TR,Yenibiris
mühendis,Yazılım Ar-Ge Uzmanı- İş Analisti-REMOTE,AKINSOFT,Konya - Selçuklu,https://www.yenibiris.com/is-ilani/yazilim-ar-ge-uzmani-is-analisti-remote/1196964,TR,Yenibiris
mühendis,Proje Sorumlusu,Biltur Catering ve Gıda A.Ş.,Adana,https://www.yenibiris.com/is-ilani/proje-sorumlusu/1188344,TR,Yenibiris
mühendis,İnşaat Teknikeri,Koltek Müşavirlik A.Ş.,Şanlıurfa,https://www.yenibiris.com/is-ilani/insaat-teknikeri/1175553,TR,Yenibiris
mühendis,İhale Personeli,MAS TIBBİ ÜRÜN PAZARLAMA VE MEDİKAL ANALİZ SİSTEMLERİ SANAYİ VE TİCARET LİMİTED ŞİRKETİ,İzmir,https://www.yenibiris.com/is-ilani/ihale-personeli/1202267,TR,Yenibiris
mühendis,Saha Satış Personeli,BİZLİFE DANIŞMANLIK,İstanbul Anadolu Yakası - Kadıköy,https://www.yenibiris.com/is-ilani/saha-satis-personeli/1201161,TR,Yenibiris
mühendis,İhracat Bölge Satış Sorumlusu-İngilizce-İspanyolca,ALPA DANIŞMANLIK İNSAN KAYNAKLARI ÖZEL İSTİHDAM ARACILIK HİZ.LTD.ŞTİ.,"İstanbul Avrupa Yakası, İstanbul Anadolu Yakası",https://www.yenibiris.com/is-ilani/ihracat-bolge-satis-sorumlusu-ingilizce-ispanyolca/1186318,TR,Yenibiris
mühendis,İnşaat Teknikeri,EMRE RAY ENERJİ İNŞAAT SAN VE TİC.A.Ş.,Elazığ,https://www.yenibiris.com/is-ilani/insaat-teknikeri/1199853,TR,Yenibiris
mühendis,Bilgi İşlem Destek Elemanı,M.E YÜKSEL HOLDİNG,İstanbul Avrupa Yakası,https://www.yenibiris.com/is-ilani/bilgi-islem-destek-elemani/1199796,TR,Yenibiris
mühendis,Planlama Elemanı,KONTEL ELEKTROMEKANİK,İstanbul Avrupa Yakası,https://www.yenibiris.com/is-ilani/planlama-elemani/1199513,TR,Yenibiris
mühendis,PROJE SATIŞ MÜDÜRÜ,Frigo Mekanik,İstanbul Avrupa Yakası - Esenyurt,https://www.yenibiris.com/is-ilani/proje-satis-muduru/1026157,TR,Yenibiris
mühendis,Yurt Dışı Satış Sorumlusu AZERİ VE RUSÇA BİLEN,Frigo Mekanik,İstanbul Avrupa Yakası - Esenyurt,https://www.yenibiris.com/is-ilani/yurt-disi-satis-sorumlusu-azeri-ve-rusca-bilen/1196309,TR,Yenibiris
mühendis,Satınalma ve Lojistik Yöneticisi,Frigoblock Soğutma Sistemleri ve Ticaret Anonim Şirketi,İstanbul Avrupa Yakası - Esenyurt,https://www.yenibiris.com/is-ilani/satinalma-ve-lojistik-yoneticisi/859759,TR,Yenibiris
mühendis,SATINALMA VE LOJİSTİK MÜDÜRÜ,Frigo Mekanik,İstanbul Avrupa Yakası - Esenyurt,https://www.yenibiris.com/is-ilani/satinalma-ve-lojistik-muduru/780756,TR,Yenibiris
mühendis,Bölge Satış Sorumlusu- İç Anadolu bölg,Frigoblock Soğutma Sistemleri ve Ticaret Anonim Şirketi,Türkiye,https://www.yenibiris.com/is-ilani/bolge-satis-sorumlusu-ic-anadolu-bolg/1176962,TR,Yenibiris
mühendis,Yurt Dışı Satış Sorumlusu Fransızca-Arapça Bilen,Frigo Mekanik,İstanbul Avrupa Yakası - Esenyurt,https://www.yenibiris.com/is-ilani/yurt-disi-satis-sorumlusu-fransizca-arapca-bilen/751039,TR,Yenibiris
mühendis,Yurt Dışı Satış Sorumlusu,Frigoblock Soğutma Sistemleri ve Ticaret Anonim Şirketi,İstanbul Avrupa Yakası - Esenyurt,https://www.yenibiris.com/is-ilani/yurt-disi-satis-sorumlusu/1126692,TR,Yenibiris
mühendis,İnsan Kaynakları Uzmanı,Happy İnsan Kaynakları,"İstanbul Avrupa Yakası, İstanbul Anadolu Yakası...",https://www.yenibiris.com/is-ilani/insan-kaynaklari-uzmani/832195,TR,Yenibiris
mühendis,Kurumsal İletişim ve Pazarlama Sorumlusu,ALPA DANIŞMANLIK İNSAN KAYNAKLARI ÖZEL İSTİHDAM ARACILIK HİZ.LTD.ŞTİ.,"İstanbul Avrupa Yakası, İstanbul Anadolu Yakası",https://www.yenibiris.com/is-ilani/kurumsal-iletisim-ve-pazarlama-sorumlusu/1202154,TR,Yenibiris
mühendis,Satış Temsilcisi,FARMAPARK ARGE BİYOTEKNOLOJİ LTD.ŞTİ,"Konya - Selçuklu, Konya",https://www.yenibiris.com/is-ilani/satis-temsilcisi/1202025,TR,Yenibiris
mühendis,İnşaat Teknik Öğretmeni,Beyoğlu Lüx Yapı Anonim Şirketi,İstanbul Avrupa Yakası - Güngören,https://www.yenibiris.com/is-ilani/insaat-teknik-ogretmeni/1201988,TR,Yenibiris
mühendis,İhale Uzmanı,EMRE RAY ENERJİ İNŞAAT SAN VE TİC.A.Ş.,Ankara,https://www.yenibiris.com/is-ilani/ihale-uzmani/1201928,TR,Yenibiris
mühendis,Bakım Planlama Uzmanı,Ramses Turizm İşletmeleri Danışmanlık Organizasyon Havacılık Tic.Ltd.Şti.,Antalya,https://www.yenibiris.com/is-ilani/bakim-planlama-uzmani/1201648,TR,Yenibiris
mühendis,Şantiye Şefi,HASANOĞLU MÜH. İNŞ. TAAH. SAN. TİC. A.Ş.,İstanbul Anadolu Yakası,https://www.yenibiris.com/is-ilani/santiye-sefi/1201229,TR,Yenibiris
mühendis,3D Mimari Görselleştirme Uzmanı,SUADİYE İNŞAAT,İstanbul Anadolu Yakası - Ümraniye,https://www.yenibiris.com/is-ilani/3d-mimari-gorsellestirme-uzmani/1201230,TR,Yenibiris
mühendis,Proje Müdürü,HASANOĞLU MÜH. İNŞ. TAAH. SAN. TİC. A.Ş.,İstanbul Anadolu Yakası,https://www.yenibiris.com/is-ilani/proje-muduru/1201227,TR,Yenibiris
mühendis,İhracat Bölge Satış Sorumlusu-İngilizce-Arapça,ALPA DANIŞMANLIK İNSAN KAYNAKLARI ÖZEL İSTİHDAM ARACILIK HİZ.LTD.ŞTİ.,"İstanbul Avrupa Yakası, İstanbul Anadolu Yakası",https://www.yenibiris.com/is-ilani/ihracat-bolge-satis-sorumlusu-ingilizce-arapca/1186321,TR,Yenibiris
mühendis,Yurt Dışı Satış ve Pazarlama Sorumlusu,PAMİNA GİYİM TURİZM TEKSTİL SAN VE TİC LTD ŞTİ.,"İstanbul Avrupa Yakası, İstanbul Avrupa Yakası - Küçükçekmece",https://www.yenibiris.com/is-ilani/yurt-disi-satis-ve-pazarlama-sorumlusu/1183246,TR,Yenibiris
mühendis,İşletme Müdürü,Şirket Bilgileri Gizli,Balıkesir,https://www.yenibiris.com/is-ilani/isletme-muduru/1199730,TR,Yenibiris
mühendis,İnsan Kaynakları İşe Alım Personeli,ALPA DANIŞMANLIK İNSAN KAYNAKLARI ÖZEL İSTİHDAM ARACILIK HİZ.LTD.ŞTİ.,İstanbul Anadolu Yakası,https://www.yenibiris.com/is-ilani/insan-kaynaklari-ise-alim-personeli/1199719,TR,Yenibiris
mühendis,Üretim Müdürü,Şirket Bilgileri Gizli,Balıkesir,https://www.yenibiris.com/is-ilani/uretim-muduru/1199710,TR,Yenibiris
mühendis,Ön Muhasebe Personeli,KARAELMAS İŞ SAĞLIĞI VE İŞ GÜVENLİĞİ MERKEZİ,İstanbul Anadolu Yakası,https://www.yenibiris.com/is-ilani/on-muhasebe-personeli/1164013,TR,Yenibiris
mühendis,Satış ve Müşteri İlişkileri Uzmanı,SUMO YAZILIM & DANIŞMANLIK,İstanbul Avrupa Yakası - Şişli,https://www.yenibiris.com/is-ilani/satis-ve-musteri-iliskileri-uzmani/1199265,TR,Yenibiris
mühendis,Teknik Müdür /Hilton Garden Inn Safranbolu,Hilton Garden Inn Safranbolu,Karabük - Safranbolu,https://www.yenibiris.com/is-ilani/teknik-mudur-hilton-garden-inn-safranbolu/1198538,TR,Yenibiris
mühendis,Muhasebe Uzmanı,KARAELMAS İŞ SAĞLIĞI VE İŞ GÜVENLİĞİ MERKEZİ,İstanbul Anadolu Yakası,https://www.yenibiris.com/is-ilani/muhasebe-uzmani/1033850,TR,Yenibiris
mühendis,Kalite Müdürü-Üretim Deneyimli,Şirket Bilgileri Gizli,İstanbul Avrupa Yakası - Esenyurt,https://www.yenibiris.com/is-ilani/kalite-muduru-uretim-deneyimli/1116136,TR,Yenibiris
mühendis,Akdeniz Bölge Satış Sorumlusu,Frigo Mekanik,Türkiye,https://www.yenibiris.com/is-ilani/akdeniz-bolge-satis-sorumlusu/1176961,TR,Yenibiris
mühendis,TEKNİK OFİS MÜDÜRÜ,ALPA DANIŞMANLIK İNSAN KAYNAKLARI ÖZEL İSTİHDAM ARACILIK HİZ.LTD.ŞTİ.,"İstanbul Avrupa Yakası, İstanbul Anadolu Yakası...",https://www.yenibiris.com/is-ilani/teknik-ofis-muduru/509665,TR,Yenibiris
mühendis,Engelli Personel - Genel Alan Temizlik Görevlisi,ENGELLİAltunizade Suites Istanbul Curio Collection by Hilton,İstanbul Anadolu Yakası - Üsküdar,https://www.yenibiris.com/is-ilani/engelli-personel-genel-alan-temizlik-gorevlisi/1200209,TR,Yenibiris
mühendis,UĞUR OKULLARI KURTKÖY KAMPÜSÜ   Finans Elemanı,UĞUR OKULLARI,"İstanbul Anadolu Yakası - Pendik, İstanbul Anadolu Yakası - Pendik",https://www.yenibiris.com/is-ilani/ugur-okullari-kurtkoy-kampusu-finans-elemani/1199154,TR,Yenibiris
mühendis,Teknik Müdür,URANUS İSTANBUL TOPKAPI HOTEL,İstanbul Avrupa Yakası,https://www.yenibiris.com/is-ilani/teknik-mudur/1195213,TR,Yenibiris
